match_datetime,country,league,home_team,away_team,home_odds,draw_odds,away_odds,predicted_home_score,predicted_away_score,run_time
2022-03-21 15:20:00,Bahrain,Bahrain Cup,Bahrain SC,Qalali,1.47,4.3100000000000005,5.61,2.047624,0.67977273,2022-03-22 16:10:14.670774
2022-03-21 23:00:00,Mexico,Liga Premier Serie A,Alacranes de Durango,Coras,1.9,3.63,3.38,1.7423321,1.1112357,2022-03-22 16:10:14.670774
2022-03-22 11:00:00,Turkey,3. Lig Group 2,Carsambaspor,Bayrampasa,2.71,2.84,2.66,1.2129654,1.0077982,2022-03-22 16:10:14.670774
2022-03-22 12:00:00,Argentina,Reserve League,Independiente 2,Racing Club 2,2.3200000000000003,3.07,3.0,1.4861169,1.8014816,2022-03-22 16:10:14.670774
2022-03-22 13:00:00,Egypt,Division 2 - Group A,Fayoum,El Minya,3.09,2.84,2.38,1.0604919,1.1391768,2022-03-22 16:10:14.670774
2022-03-22 13:00:00,England,Professional Development League,Peterborough U23,Charlton U23,2.17,3.65,2.84,1.6340263,1.3023844,2022-03-22 16:10:14.670774
2022-03-22 13:00:00,England,Professional Development League,Sheffield Wed U23,Ipswich U23,2.94,3.7,2.1,1.208698,1.7712895,2022-03-22 16:10:14.670774
2022-03-22 13:00:00,England,Professional Development League,Barnsley U23,Swansea U23,1.7,3.54,4.55,1.6275128,1.017189,2022-03-22 16:10:14.670774
2022-03-22 13:15:00,Saudi Arabia,Division 1,Al Ain,Al-Sahel,2.77,2.78,2.7,1.0817945,1.2250875,2022-03-22 16:10:14.670774
2022-03-22 13:20:00,Saudi Arabia,Division 1,Al Orubah,Al Kholood,2.24,2.83,3.48,1.3418589,1.1256192,2022-03-22 16:10:14.670774
2022-03-22 13:30:00,Saudi Arabia,Division 1,Ohod,Al Jeel,1.7,3.49,4.63,1.530198,0.8539425,2022-03-22 16:10:14.670774
2022-03-22 13:45:00,Israel,Liga Alef North,Hapoel Bnei Ar'ara 'Ara,Ironi Nesher,2.83,3.26,2.22,1.1158708,1.2748808,2022-03-22 16:10:14.670774
2022-03-22 14:00:00,Algeria,Ligue 1,Chelghoum,ES Setif,3.19,2.75,2.38,1.1399198,0.9895252,2022-03-22 16:10:14.670774
2022-03-22 14:00:00,England,Professional Development League,Sheffield Utd U23,Colchester U23,1.36,5.02,6.53,2.3992536,0.9514185,2022-03-22 16:10:14.670774
2022-03-22 14:00:00,Italy,Serie D - Group A,Borgosesia,Ligorna,1.98,3.54,3.29,1.6448855,1.3435645,2022-03-22 16:10:14.670774
2022-03-22 14:00:00,Slovakia,2. liga,Namestovo,Dubnica,5.53,4.27,1.48,1.1124845,1.7985855,2022-03-22 16:10:14.670774
2022-03-22 15:20:00,Bahrain,Bahrain Cup,Al-Najma,Al-Ittifaq,1.92,3.42,3.39,1.8602463,1.3013175,2022-03-22 16:10:14.670774
2022-03-22 15:20:00,Bahrain,Bahrain Cup,Al Khalidiyah,Al-Ahli Manama,1.8,3.27,4.09,1.7522216,1.136179,2022-03-22 16:10:14.670774
2022-03-22 15:20:00,Bahrain,Bahrain Cup,Manama Club,Al-Shabbab,1.6800000000000002,3.59,4.18,1.8562592,1.1005039,2022-03-22 16:10:14.670774
2022-03-22 15:20:00,Bahrain,Bahrain Cup,Isa Town,Tadamun Buri,1.24,5.43,8.83,2.2807508,0.7564853,2022-03-22 16:10:14.670774
2022-03-22 15:30:00,Saudi Arabia,Division 1,Al-Nahda,Najran,2.91,2.74,2.58,0.67398953,0.9751355,2022-03-22 16:10:14.670774
2022-03-22 17:00:00,Slovakia,2. liga,Kosice,Skalica,2.01,3.49,3.22,1.6019633,1.0378816,2022-03-22 16:10:14.670774
2022-03-22 17:30:00,Netherlands,Reserve League,Jong FC Emmen,Jong Heracles,2.1,3.9,2.65,1.901297,1.6917024,2022-03-22 16:10:14.670774
2022-03-22 17:30:00,World,Club Friendly,Rathenow,MSV Neuruppin,1.21,6.17,8.6,2.7819579,0.623269,2022-03-22 16:10:14.670774
2022-03-22 17:45:00,Europe,Champions League Women,Bayern Munich W,Paris SG W,2.64,3.21,2.53,1.173536,1.2289279,2022-03-22 16:10:14.670774
2022-03-22 18:00:00,Argentina,Primera A Women,Deportivo Espanol W,UAI Urquiza W,17.95,8.879999999999999,1.09,0.7179242,2.302126,2022-03-22 16:10:14.670774
2022-03-22 18:00:00,Brazil,Campeonato Paraense,Castanhal,Aguia De Maraba,2.09,3.03,3.42,1.482488,0.70559996,2022-03-22 16:10:14.670774
2022-03-22 18:00:00,Germany,Oberliga Schleswig-Holstein,Bordesholm,Altenholz,1.19,6.63,9.27,3.1057167,0.7125218,2022-03-22 16:10:14.670774
2022-03-22 18:00:00,Germany,Regionalliga Bayern,Furth II,Burghausen,3.33,3.54,2.0,1.1868291,1.7155797,2022-03-22 16:10:14.670774
2022-03-22 18:00:00,Germany,Regionalliga Nordost,Tasmania Berlin,Jena,9.49,5.78,1.25,0.62026536,3.0664325,2022-03-22 16:10:14.670774
2022-03-22 18:00:00,Germany,Regionalliga Sudwest,Ulm,Walldorf,1.54,4.32,5.01,2.090584,0.96543497,2022-03-22 16:10:14.670774
2022-03-22 19:00:00,England,League Two,Harrogate,Leyton Orient,2.72,3.1,2.75,1.0714136,1.0966772,2022-03-22 16:10:14.670774
2022-03-22 19:00:00,Netherlands,Derde Divisie,Staphorst,Ajax,2.02,4.0,2.8,1.5247078,1.5466924,2022-03-22 16:10:14.670774
2022-03-22 19:00:00,Netherlands,Derde Divisie,VV DOVO,Lisse,4.57,4.5,1.51,1.0698947,1.7829523,2022-03-22 16:10:14.670774
2022-03-22 19:00:00,Netherlands,Tweede Divisie,Jong Volendam,GVVV,1.81,3.55,3.61,1.8184553,1.1892363,2022-03-22 16:10:14.670774
2022-03-22 19:00:00,Netherlands,Tweede Divisie,Jong Sparta Rotterdam,IJsselmeervogels,1.63,3.96,4.0,2.0743165,1.1917713,2022-03-22 16:10:14.670774
2022-03-22 19:00:00,Netherlands,Tweede Divisie,Kozakken Boys,AFC,2.39,3.53,2.39,1.8841176,1.7854575,2022-03-22 16:10:14.670774
2022-03-22 19:00:00,Netherlands,Tweede Divisie,Rijnsburgse Boys,TEC,1.63,3.91,4.01,1.8005459,1.014473,2022-03-22 16:10:14.670774
2022-03-22 19:05:00,Argentina,Primera Nacional,Flandria,CA Estudiantes,2.83,2.83,2.7,1.0917846,1.2214495,2022-03-22 16:10:14.670774
2022-03-22 19:05:00,Scotland,Championship,Dunfermline,Partick Thistle,2.95,3.12,2.43,1.0681677,1.1212628,2022-03-22 16:10:14.670774
2022-03-22 19:30:00,England,Southern League South Division,Wimborne,Weston-super-Mare,5.81,4.57,1.39,0.8894769,2.738536,2022-03-22 16:10:14.670774
2022-03-22 19:30:00,Wales,Cymru North,Guilsfield,Llanidloes,1.37,4.91,6.24,2.4918156,0.98690075,2022-03-22 16:10:14.670774
2022-03-22 19:45:00,England,Isthmian League Premier Division,East Thurrock,Cheshunt,4.09,4.109999999999999,1.59,1.2566255,2.0350041,2022-03-22 16:10:14.670774
2022-03-22 19:45:00,England,Isthmian League Premier Division,Bognor Regis,Merstham,1.8,3.38,3.74,1.601205,1.1271751,2022-03-22 16:10:14.670774
2022-03-22 19:45:00,England,Isthmian League Premier Division,Enfield Town,Leatherhead,1.25,5.01,8.780000000000001,2.7078502,0.75600106,2022-03-22 16:10:14.670774
2022-03-22 19:45:00,England,Isthmian League Premier Division,Hornchurch,Corinthian-Casuals,1.59,3.88,4.37,2.1379654,1.0541182,2022-03-22 16:10:14.670774
2022-03-22 19:45:00,England,League One,Plymouth,Cheltenham,1.73,3.78,4.77,1.8630958,0.8915883,2022-03-22 16:10:14.670774
2022-03-22 19:45:00,England,League Two,Port Vale,Exeter,2.41,3.21,3.08,1.1604635,1.0515299,2022-03-22 16:10:14.670774
2022-03-22 19:45:00,England,League Two,Rochdale,Mansfield,2.72,3.22,2.67,1.1499839,1.2031082,2022-03-22 16:10:14.670774
2022-03-22 19:45:00,England,League Two,Oldham,Sutton,3.32,3.37,2.2,1.0148335,1.3481964,2022-03-22 16:10:14.670774
2022-03-22 19:45:00,England,National League,Altrincham,Chesterfield,3.67,3.5,1.94,1.1360776,1.4804865,2022-03-22 16:10:14.670774
2022-03-22 19:45:00,England,National League,Eastleigh,Dag & Red,3.83,3.46,1.91,1.0873903,1.6902683,2022-03-22 16:10:14.670774
2022-03-22 19:45:00,England,National League,Grimsby,Solihull Moors,2.2,3.23,3.29,1.2945725,1.0779637,2022-03-22 16:10:14.670774
2022-03-22 19:45:00,England,National League,King’s Lynn,Stockport,9.76,5.35,1.28,0.7187042,2.54543,2022-03-22 16:10:14.670774
2022-03-22 19:45:00,England,National League,Maidenhead,Southend,2.92,3.15,2.44,1.0818126,1.2861391,2022-03-22 16:10:14.670774
2022-03-22 19:45:00,England,National League,Notts Co,Boreham Wood,1.96,3.33,3.8,1.2397798,1.0725423,2022-03-22 16:10:14.670774
2022-03-22 19:45:00,England,National League,Torquay,Aldershot,1.7,3.72,4.67,1.664196,1.0507473,2022-03-22 16:10:14.670774
2022-03-22 19:45:00,England,National League,Woking,Weymouth,1.66,3.86,4.76,1.8408617,0.9530829,2022-03-22 16:10:14.670774
2022-03-22 19:45:00,England,National League,Yeovil,Bromley,2.75,3.16,2.58,0.96655345,1.2006326,2022-03-22 16:10:14.670774
2022-03-22 19:45:00,England,National League,Wrexham,FC Halifax,1.76,3.44,4.69,1.5920612,0.9038668,2022-03-22 16:10:14.670774
2022-03-22 19:45:00,England,National League North,Brackley Town,Alfreton,1.54,3.96,5.63,2.5074353,0.89517206,2022-03-22 16:10:14.670774
2022-03-22 19:45:00,England,National League North,Blyth,Bradford PA,2.29,3.32,2.92,1.4016559,1.2429198,2022-03-22 16:10:14.670774
2022-03-22 19:45:00,England,National League North,Darlington,Southport,2.0700000000000003,3.38,3.33,1.4858435,1.1133496,2022-03-22 16:10:14.670774
2022-03-22 19:45:00,England,National League North,Farsley,Leamington,2.14,3.29,3.25,1.3734744,1.1116673,2022-03-22 16:10:14.670774
2022-03-22 19:45:00,England,National League North,Gateshead,Curzon Ashton,1.42,4.529999999999999,6.37,2.197195,0.8943213,2022-03-22 16:10:14.670774
2022-03-22 19:45:00,England,National League North,Gloucester,Chester,2.19,3.48,2.98,1.581137,1.230472,2022-03-22 16:10:14.670774
2022-03-22 19:45:00,England,National League North,Guiseley,AFC Telford,2.5700000000000003,3.2,2.64,1.1686591,1.2669824,2022-03-22 16:10:14.670774
2022-03-22 19:45:00,England,National League North,Kettering,Hereford,2.13,3.43,3.13,1.5263629,1.221395,2022-03-22 16:10:14.670774
2022-03-22 19:45:00,England,National League North,Kidderminster,Chorley,1.89,3.41,3.87,1.6879636,0.90486896,2022-03-22 16:10:14.670774
2022-03-22 19:45:00,England,National League North,Spennymoor,AFC Fylde,3.31,3.36,2.08,1.1154274,1.5376989,2022-03-22 16:10:14.670774
2022-03-22 19:45:00,England,National League North,York,Boston Utd,2.12,3.32,3.26,1.2200643,0.8704609,2022-03-22 16:10:14.670774
2022-03-22 19:45:00,England,National League South,Concord,St. Albans,2.8,3.34,2.3600000000000003,1.2718865,1.4049938,2022-03-22 16:10:14.670774
2022-03-22 19:45:00,England,NPL Premier Division,Lancaster,Morpeth,2.42,3.59,2.43,1.3483022,1.4130093,2022-03-22 16:10:14.670774
2022-03-22 19:45:00,England,NPL Premier Division,Atherton,Gainsborough,2.22,3.44,2.77,1.5867019,1.3242037,2022-03-22 16:10:14.670774
2022-03-22 19:45:00,England,NPL Premier Division,Stalybridge,Mickleover,2.12,3.4,2.95,1.3564583,1.3278749,2022-03-22 16:10:14.670774
2022-03-22 19:45:00,England,NPL Premier Division,Nantwich,Grantham,1.85,3.36,3.78,1.5131555,1.0442548,2022-03-22 16:10:14.670774
2022-03-22 19:45:00,England,NPL Premier Division,Witton,Stafford,3.16,3.4,2.02,1.0704494,1.7181268,2022-03-22 16:10:14.670774
2022-03-22 19:45:00,England,Southern League Central Division,Biggleswade Town,Needham Market,2.51,3.22,2.5,1.2555618,1.3909321,2022-03-22 16:10:14.670774
2022-03-22 19:45:00,England,Southern League Central Division,Hednesford,St. Ives,1.79,3.64,3.68,1.7605541,1.1826955,2022-03-22 16:10:14.670774
2022-03-22 19:45:00,England,Southern League Central Division,Stratford,Hitchin,2.17,3.38,2.85,1.4448221,1.4034255,2022-03-22 16:10:14.670774
2022-03-22 19:45:00,England,Southern League South Division,Farnborough,Dorchester,1.33,4.84,6.93,2.1610458,0.88319635,2022-03-22 16:10:14.670774
2022-03-22 19:45:00,Northern Ireland,NIFL Premiership,Dungannon,Cliftonville,9.55,5.33,1.28,0.90492874,2.4067342,2022-03-22 16:10:14.670774
2022-03-22 19:45:00,Northern Ireland,NIFL Premiership,Warrenpoint,Coleraine,5.53,4.19,1.52,0.9196086,1.9049305,2022-03-22 16:10:14.670774
2022-03-22 19:45:00,Scotland,League Two,Stirling,Albion Rovers,2.04,3.29,3.5,1.3535266,1.0615116,2022-03-22 16:10:14.670774
2022-03-22 19:45:00,Wales,Cymru Premier,Newtown,Penybont,2.05,3.41,3.37,1.488313,1.082409,2022-03-22 16:10:14.670774
2022-03-22 20:00:00,Colombia,Primera B,Tigres,Chico,4.5600000000000005,3.05,1.85,0.70428544,0.98156804,2022-03-22 16:10:14.670774
2022-03-22 20:00:00,Europe,Champions League Women,Real Madrid W,Barcelona W,36.38,12.05,1.04,0.31269115,3.442657,2022-03-22 16:10:14.670774
2022-03-22 21:00:00,Brazil,Campeonato Piauiense,AE Altos,Flamengo PI,1.03,13.5,27.67,6.6596923,0.17018005,2022-03-22 16:10:14.670774
2022-03-22 21:00:00,Chile,Primera B,S. Morning,Deportes Iquique,2.16,3.14,3.27,1.2565068,1.0705975,2022-03-22 16:10:14.670774
2022-03-22 21:00:00,Chile,Primera B,Arturo Fernandez Vial,S. Wanderers,2.18,3.16,3.2,1.3873603,1.0227581,2022-03-22 16:10:14.670774
2022-03-22 21:10:00,Argentina,Primera Nacional,Ind. Rivadavia,Instituto,2.47,2.8200000000000003,3.15,1.1665132,1.08207,2022-03-22 16:10:14.670774
2022-03-22 22:00:00,Uruguay,Primera Division,Cerro Largo,Cerrito,2.04,3.22,3.65,1.3405871,0.96988475,2022-03-22 16:10:14.670774
2022-03-22 22:15:00,Argentina,Copa de la Liga Profesional,Atl. Tucuman,Central Cordoba,2.68,3.08,2.72,1.143933,1.2740996,2022-03-22 16:10:14.670774
2022-03-22 22:30:00,Brazil,Campeonato Roraimense,Nautico FC,Rio Negro,1.17,7.3,10.0,3.0556622,0.51007223,2022-03-22 16:10:14.670774
2022-03-22 23:00:00,Brazil,Campeonato Goiano,Vila Nova FC,Atletico GO,2.53,2.91,2.75,1.1244472,0.8017934,2022-03-22 16:10:14.670774
2022-03-22 23:00:00,Brazil,Campeonato Paraense,Remo,Caete,1.26,4.779999999999999,10.57,2.0081427,0.57913435,2022-03-22 16:10:14.670774
2022-03-22 23:00:00,Colombia,Primera A,Once Caldas,Deportes Tolima,2.5,2.92,3.08,1.106994,1.0417701,2022-03-22 16:10:14.670774
2022-03-22 23:00:00,Mexico,Liga de Expansion MX,Tapatio,Alebrijes Oaxaca,2.44,3.08,2.85,1.1542022,1.1482478,2022-03-22 16:10:14.670774
2022-03-22 23:00:00,USA,US Open Cup,Motown,West Chester Utd,3.37,4.0,1.87,1.3462842,1.781066,2022-03-22 16:10:14.670774
2022-03-22 23:10:00,Argentina,Primera Nacional,Almirante Brown,San Martin S.J.,1.93,2.95,4.609999999999999,1.1297839,0.78654194,2022-03-22 16:10:14.670774
2022-03-22 23:15:00,Brazil,Campeonato Paraibano,Sport PB,Campinense,28.75,10.84,1.06,0.43181735,2.9443102,2022-03-22 16:10:14.670774
2022-03-22 23:15:00,Brazil,Campeonato Sergipano,Sergipe,CS Maruinense,1.01,13.0,40.5,3.9407375,0.39540312,2022-03-22 16:10:14.670774
2022-03-22 23:30:00,Brazil,Campeonato Mineiro,Cruzeiro,Athletic Club,1.43,4.05,7.27,1.7578044,0.6921511,2022-03-22 16:10:14.670774
2022-03-22 23:30:00,Brazil,Campeonato Paulista,Sao Paulo,Sao Bernardo,1.35,4.38,9.02,1.9996165,0.6060281,2022-03-22 16:10:14.670774
2022-03-22 23:30:00,Chile,Primera B,Copiapo,U. De Concepcion,2.35,3.0,3.03,1.1942277,1.1353742,2022-03-22 16:10:14.670774
2022-03-22 23:30:00,Chile,Primera B,D. Puerto Montt,Deportes Temuco,2.5700000000000003,2.79,2.94,1.1025412,1.120391,2022-03-22 16:10:14.670774
2022-03-22 23:30:00,USA,US Open Cup,Hartford City FC,Oyster Bay Utd.,1.34,4.99,7.18,2.679425,0.98653454,2022-03-22 16:10:14.670774
2022-03-22 23:30:00,USA,US Open Cup,The Villages,Orlando FC,1.08,7.0,27.0,3.1048837,0.74680305,2022-03-22 16:10:14.670774
2022-03-23 00:00:00,Argentina,Primera Nacional,Estudiantes Rio Cuarto,Chacarita Juniors,1.89,3.14,4.37,1.2133471,0.90439814,2022-03-22 16:10:14.670774
2022-03-23 00:00:00,Ecuador,Serie B,EL Nacional,Olmedo,1.85,3.34,4.0600000000000005,1.3229064,0.9381515,2022-03-22 16:10:14.670774
2022-03-23 00:30:00,Argentina,Copa de la Liga Profesional,Talleres Cordoba,Godoy Cruz,2.42,3.1,3.02,1.2208471,1.0157553,2022-03-22 16:10:14.670774
2022-03-23 00:35:00,Brazil,Copa do Nordeste,Fortaleza,Alagoinhas,1.37,4.09,8.370000000000001,2.0002985,0.7759814,2022-03-22 16:10:14.670774
2022-03-23 00:35:00,Brazil,Copa do Nordeste,CSA,Sport Recife,2.13,3.08,3.38,1.3597343,0.8960902,2022-03-22 16:10:14.670774
2022-03-23 01:05:00,Colombia,Primera A,Patriotas,America De Cali,3.17,3.02,2.37,0.9240143,1.137225,2022-03-22 16:10:14.670774
2022-03-23 01:05:00,Mexico,Liga de Expansion MX,Pumas Tabasco,Cimarrones de Sonora,2.71,3.03,2.58,1.1462818,1.1270751,2022-03-22 16:10:14.670774
2022-03-23 03:05:00,Mexico,Liga de Expansion MX,Dorados de Sinaloa,Celaya,2.02,3.22,3.57,1.452194,0.9433517,2022-03-22 16:10:14.670774
2022-03-23 08:05:00,Australia,A-League,Melbourne Victory,Western United,1.96,3.5,3.91,1.7679371,1.048665,2022-03-22 16:10:14.670774
2022-03-23 08:35:00,Australia,A-League,Brisbane Roar,Melbourne City,3.19,3.61,2.17,1.6574007,1.813447,2022-03-22 16:10:14.670774
2022-03-23 09:00:00,Turkey,Super Lig Women,Kocaeli Bayan W,Fomget GSK W,12.5,7.5,1.13,0.54171306,3.604867,2022-03-22 16:10:14.670774
2022-03-23 09:00:00,Turkey,Super Lig Women,1207 Antalyaspor W,Atasehir W,2.3,4.0,2.3,1.165511,0.8537112,2022-03-22 16:10:14.670774
2022-03-23 09:00:00,Turkey,Super Lig Women,Kirecburnu W,Hatayspor W,2.1100000000000003,3.7,2.8200000000000003,1.663527,1.1554754,2022-03-22 16:10:14.670774
2022-03-23 09:00:00,Turkey,Super Lig Women,Kayseri W,Dudullu W,2.0,4.0,2.8,1.4996018,1.1670374,2022-03-22 16:10:14.670774
2022-03-23 10:00:00,Japan,J2 League,Tokushima,Blaublitz,1.97,2.99,4.470000000000001,1.1316575,0.87411225,2022-03-22 16:10:14.670774
2022-03-23 10:00:00,Japan,J2 League,Oita Trinita,Ryukyu,2.02,3.3,3.73,1.3762966,0.9482826,2022-03-22 16:10:14.670774
2022-03-23 13:00:00,Greece,Super League 2,Apollon Pontou,O. Volos,1.72,3.48,4.5600000000000005,1.4836698,0.79213667,2022-03-22 16:10:14.670774
2022-03-23 13:00:00,Greece,Super League 2,Levadiakos,Kallithea,1.54,3.74,5.75,1.6048279,0.6863665,2022-03-22 16:10:14.670774
2022-03-23 13:00:00,Saudi Arabia,Division 1,Al-Shoalah,Al Khaleej,2.53,2.88,2.83,0.9004338,1.2438567,2022-03-22 16:10:14.670774
2022-03-23 13:00:00,Zambia,Super League,Konkola,Kansanshi,2.77,2.46,2.81,1.2611824,0.8033433,2022-03-22 16:10:14.670774
2022-03-23 13:00:00,Zambia,Super League,Power Dynamos,Red Arrows,2.59,2.54,2.97,1.3026241,0.62861145,2022-03-22 16:10:14.670774
2022-03-23 13:00:00,Zambia,Super League,Green Eagles,ZESCO,2.6,2.62,2.83,0.89523685,1.0249671,2022-03-22 16:10:14.670774
2022-03-23 13:00:00,Zambia,Super League,Prison Leopards,Indeni,2.08,2.71,3.77,1.133815,1.135654,2022-03-22 16:10:14.670774
2022-03-23 13:15:00,Saudi Arabia,Division 1,Bisha,Jeddah,3.09,3.08,2.24,0.9030595,1.2198393,2022-03-22 16:10:14.670774
2022-03-23 13:30:00,Italy,Serie C - Group C,Avellino,Catania,1.75,3.35,4.609999999999999,1.5655271,0.67729425,2022-03-22 16:10:14.670774
2022-03-23 13:30:00,Italy,Serie D - Group I,Trapani,S. Agata,1.97,3.27,3.5,1.5719633,1.103545,2022-03-22 16:10:14.670774
2022-03-23 14:00:00,Algeria,Ligue 1,CR Belouizdad,MC Alger,1.6,3.23,7.04,1.2593821,0.354281,2022-03-22 16:10:14.670774
2022-03-23 14:00:00,Italy,Serie C - Group C,Potenza,Paganese,2.1,3.11,3.39,1.2165738,0.9814695,2022-03-22 16:10:14.670774
2022-03-23 15:35:00,Saudi Arabia,Division 1,Al Adalh,Hajer,2.4,2.8200000000000003,3.04,1.1826297,1.0966675,2022-03-22 16:10:14.670774
2022-03-23 17:00:00,Spain,Tercera RFEF - Group 1,Arzua,Silva SD,2.02,3.23,3.32,1.4548312,0.9061031,2022-03-22 16:10:14.670774
2022-03-23 17:00:00,Spain,Tercera RFEF - Group 1,Ourense CF,Sofan,1.23,5.4,9.0,2.3025937,0.67969626,2022-03-22 16:10:14.670774
2022-03-23 17:00:00,Spain,Tercera RFEF - Group 11,Campos,Mercadal,2.89,2.77,2.5,1.0874447,0.96722883,2022-03-22 16:10:14.670774
2022-03-23 17:00:00,Spain,Tercera RFEF - Group 11,Portmany,Platges de Calvia,3.31,2.9,2.0700000000000003,0.7887026,1.3055087,2022-03-22 16:10:14.670774
2022-03-23 17:00:00,Spain,Tercera RFEF - Group 12,Yaiza,Atl. Paso,2.94,2.8600000000000003,2.27,0.88348633,0.8319728,2022-03-22 16:10:14.670774
2022-03-23 17:00:00,Spain,Tercera RFEF - Group 12,La Cuadra,Lanzarote,2.04,2.77,3.33,1.0326309,0.98788255,2022-03-22 16:10:14.670774
2022-03-23 17:00:00,Spain,Tercera RFEF - Group 12,CD Marino,Arucas,2.4,3.2,2.6,1.3064964,1.1954457,2022-03-22 16:10:14.670774
2022-03-23 17:00:00,Spain,Tercera RFEF - Group 12,SD Tenisca,Gran Tarajal,1.81,3.18,3.78,1.572592,0.97208816,2022-03-22 16:10:14.670774
2022-03-23 17:00:00,World,Club Friendly,Sandnes,Egersunds,1.8,4.0,3.26,1.8937744,1.0797616,2022-03-22 16:10:14.670774
2022-03-23 17:30:00,Germany,Oberliga Bayern Süd,Schwabmunchen,Munich 1860 II,3.92,3.68,1.67,1.0127338,1.8974445,2022-03-22 16:10:14.670774
2022-03-23 17:30:00,Spain,Tercera RFEF - Group 12,Union Viera,Santa Ursula,2.31,3.2,2.79,1.3276078,1.090636,2022-03-22 16:10:14.670774
2022-03-23 17:45:00,Europe,Champions League Women,Juventus W,Lyon W,7.86,5.44,1.24,0.7002487,2.6233647,2022-03-22 16:10:14.670774
2022-03-23 18:00:00,Brazil,Campeonato Pernambucano,Vera Cruz,Ibis Sport Club,1.8,3.44,3.71,1.3816202,1.0349933,2022-03-22 16:10:14.670774
2022-03-23 18:00:00,Brazil,Campeonato Pernambucano,Sete de Setembro,Afogados da Ingazeira,5.72,4.04,1.44,0.682801,1.8124899,2022-03-22 16:10:14.670774
2022-03-23 18:00:00,Brazil,Campeonato Potiguar,Santa Cruz de Natal,Globo,5.72,3.4,1.56,0.74656373,1.734985,2022-03-22 16:10:14.670774
2022-03-23 18:00:00,Germany,Oberliga Baden-Württemberg,Villingen,Bietigheim-Bissingen,1.74,3.73,3.78,1.5839342,1.1727501,2022-03-22 16:10:14.670774
2022-03-23 18:00:00,Germany,Oberliga Baden-Württemberg,Linx,Bruchsal,2.03,3.83,2.8200000000000003,1.7144036,1.3823687,2022-03-22 16:10:14.670774
2022-03-23 18:00:00,Germany,Oberliga Bayern Nord,Gebenbach,Vilzing,2.83,3.88,2.02,1.344861,1.5893407,2022-03-22 16:10:14.670774
2022-03-23 18:05:00,Argentina,Primera Nacional,Almagro,Def. de Belgrano,1.79,3.09,5.21,1.1987696,0.7384139,2022-03-22 16:10:14.670774
2022-03-23 18:15:00,Germany,Oberliga Niederrhein,Kray,Hilden,9.85,6.5,1.17,0.89019334,2.4143713,2022-03-22 16:10:14.670774
2022-03-23 18:30:00,Argentina,Primera Nacional,Villa Dalmine,Chaco For Ever,2.77,2.75,2.85,1.0443406,0.89393455,2022-03-22 16:10:14.670774
2022-03-23 18:30:00,Austria,Regionalliga West - Tyrol,Wacker Innsbruck,Telfs,2.43,3.48,2.43,1.2570742,1.3675679,2022-03-22 16:10:14.670774
2022-03-23 18:30:00,Brazil,Campeonato Brasiliense,Ceilandia,Capital,2.69,3.1,2.47,1.0576253,1.1013384,2022-03-22 16:10:14.670774
2022-03-23 18:30:00,Brazil,Campeonato Carioca,Nova Iguacu,Audax RJ,2.39,2.84,3.29,1.2601694,1.0610533,2022-03-22 16:10:14.670774
2022-03-23 18:30:00,Brazil,Campeonato Maranhense,Moto Club,SE Juventude,1.39,4.33,7.7,2.048788,0.648911,2022-03-22 16:10:14.670774
2022-03-23 18:30:00,Germany,Oberliga Niederrhein,Germania Ratingen,FC Monheim,1.81,3.98,3.27,1.8662183,1.3695477,2022-03-22 16:10:14.670774
2022-03-23 18:30:00,Germany,Oberliga Westfalen,FC Gutersloh,SG Wattenscheid,2.02,3.93,2.8200000000000003,1.8251115,1.3092675,2022-03-22 16:10:14.670774
2022-03-23 18:30:00,Germany,Oberliga Westfalen,Sprockhovel,Vreden,1.46,4.5,5.02,2.2571442,0.93915844,2022-03-22 16:10:14.670774
2022-03-23 18:30:00,Germany,Regionalliga West,Ahlen,RW Essen,6.78,4.5600000000000005,1.39,0.86439604,2.1917317,2022-03-22 16:10:14.670774
2022-03-23 19:00:00,Argentina,Primera Nacional,Dep. Riestra,Gimnasia Mendoza,2.5700000000000003,2.8200000000000003,2.98,0.98322874,0.8702551,2022-03-22 16:10:14.670774
2022-03-23 19:00:00,Argentina,Primera Nacional,Deportivo Madryn,Guillermo Brown,2.0,3.02,4.01,1.3136396,0.9699686,2022-03-22 16:10:14.670774
2022-03-23 19:00:00,Argentina,Primera Nacional,Alvarado,Brown Adrogue,2.17,2.94,3.58,1.0424393,0.838217,2022-03-22 16:10:14.670774
2022-03-23 19:00:00,Argentina,Primera Nacional,Deportivo Maipu,Tristan Suarez,2.46,2.7,3.33,0.9550978,0.93124455,2022-03-22 16:10:14.670774
2022-03-23 19:00:00,Brazil,Campeonato Sul-Matogrossense,Chapadao,Aquidauanense,2.28,2.97,3.04,1.3416487,1.0888442,2022-03-22 16:10:14.670774
2022-03-23 19:00:00,Colombia,Primera A,Cortulua,Envigado,2.27,3.1,3.28,1.2503684,0.84307575,2022-03-22 16:10:14.670774
2022-03-23 19:00:00,Germany,Oberliga Hessen,Zeilsheim,Alzenau,2.8,3.95,2.02,1.1464659,1.6388133,2022-03-22 16:10:14.670774
2022-03-23 19:00:00,Germany,Oberliga Niederrhein,Union Nettetal,Kleve,6.2,4.95,1.35,0.9410267,2.6687531,2022-03-22 16:10:14.670774
2022-03-23 19:00:00,Germany,Oberliga Niederrhein,SpVgg Sterkrade-Nord,Niederwenigern,2.12,4.0,2.65,1.8442852,1.3268882,2022-03-22 16:10:14.670774
2022-03-23 19:00:00,Netherlands,Tweede Divisie,De Treffers,Noordwijk,2.24,3.43,2.63,1.5243329,1.4535608,2022-03-22 16:10:14.670774
2022-03-23 19:00:00,Netherlands,Tweede Divisie,HFC,Excelsior Maassluis,1.72,3.73,3.74,1.9600434,1.2687881,2022-03-22 16:10:14.670774
2022-03-23 19:30:00,Brazil,Campeonato Mineiro,Caldense,Atletico-MG,17.28,5.6,1.19,0.48988232,2.2224517,2022-03-22 16:10:14.670774
2022-03-23 19:45:00,England,Isthmian League Premier Division,Kingstonian,Bowers & Pitsea,2.08,3.71,2.73,1.6175885,1.2754723,2022-03-22 16:10:14.670774
2022-03-23 19:45:00,England,Southern League South Division,Truro,Yate Town,2.42,3.26,2.6,1.2452502,1.4753839,2022-03-22 16:10:14.670774
2022-03-23 20:00:00,Europe,Champions League Women,Arsenal W,Wolfsburg W,2.46,3.29,2.46,1.3800864,1.2289705,2022-03-22 16:10:14.670774
2022-03-23 20:05:00,Argentina,Primera Nacional,Nueva Chicago,San Martin T.,4.23,2.98,1.97,0.75585663,1.5775322,2022-03-22 16:10:14.670774
2022-03-23 21:00:00,Chile,Primera B,Magallanes,Cobreloa,2.44,3.03,2.76,1.2586567,1.1156254,2022-03-22 16:10:14.670774
2022-03-23 21:00:00,Chile,Primera B,Rangers,San Luis,1.66,3.57,4.529999999999999,1.6926275,0.95275474,2022-03-22 16:10:14.670774
2022-03-23 21:00:00,El Salvador,Primera Division,Atletico Marte,Platense Municipal,2.4,2.99,2.72,1.1869732,0.95760614,2022-03-22 16:10:14.670774
2022-03-23 21:05:00,Colombia,Primera A,La Equidad,Petrolera,1.85,3.17,4.7,1.3621614,0.8769368,2022-03-22 16:10:14.670774
2022-03-23 21:15:00,El Salvador,Primera Division,FAS,Jocoro,1.73,3.36,4.21,1.492512,0.98464507,2022-03-22 16:10:14.670774
2022-03-23 21:30:00,Brazil,Campeonato Catarinense,Concordia,Brusque,2.93,2.76,2.42,1.1490113,1.045805,2022-03-22 16:10:14.670774
2022-03-23 22:00:00,Brazil,Campeonato Maranhense,Sampaio Correa,Cordino EC,1.26,5.09,11.25,2.2513125,0.6034886,2022-03-22 16:10:14.670774
2022-03-23 22:00:00,Brazil,Campeonato Paulista,Bragantino,Santo Andre,1.38,4.37,7.62,1.8282018,0.76230997,2022-03-22 16:10:14.670774
2022-03-23 22:15:00,Brazil,Campeonato Baiano,Barcelona,Jacuipense,3.49,3.02,2.16,0.8176335,1.2949483,2022-03-22 16:10:14.670774
2022-03-23 22:30:00,Brazil,Campeonato Gaucho,Ypiranga FC,Brasil de Pelotas,2.7,2.87,2.72,0.98650074,0.72319114,2022-03-22 16:10:14.670774
2022-03-23 22:30:00,Brazil,Campeonato Goiano,Goias,Ipora,1.39,3.91,7.58,1.8468872,0.43835038,2022-03-22 16:10:14.670774
2022-03-23 23:00:00,Argentina,Primera Nacional,Ferro,Sacachispas,1.88,3.13,4.390000000000001,1.24867,0.94430465,2022-03-22 16:10:14.670774
2022-03-23 23:00:00,Argentina,Primera Nacional,Temperley,Santamarina,1.81,3.04,5.08,1.3120565,0.8553793,2022-03-22 16:10:14.670774
2022-03-23 23:00:00,Argentina,Primera Nacional,Deportivo Moron,Atl. Rafaela,2.35,2.84,3.31,1.1512312,1.0242418,2022-03-22 16:10:14.670774
2022-03-23 23:00:00,Brazil,Campeonato Paranaense,Athletico-PR,Coritiba,2.16,2.88,3.39,1.3553308,0.93257815,2022-03-22 16:10:14.670774
2022-03-23 23:00:00,Brazil,Campeonato Potiguar,America RN,CE Forca E Luz,1.24,4.720000000000001,7.44,2.2785056,0.73219204,2022-03-22 16:10:14.670774
2022-03-23 23:00:00,Brazil,Copa do Nordeste,Botafogo PB,Nautico,2.73,3.09,2.4,1.1379042,0.9574919,2022-03-22 16:10:14.670774
2022-03-23 23:00:00,Mexico,Liga de Expansion MX,Atlante,Atl. Morelia,2.27,3.1,3.18,1.2933545,0.9582667,2022-03-22 16:10:14.670774
2022-03-23 23:00:00,USA,USL Championship,New York Red Bulls 2,Louisville City,5.1,4.13,1.51,0.9026648,2.0107632,2022-03-22 16:10:14.670774
2022-03-23 23:10:00,Colombia,Primera A,Aguilas,Pereira,2.24,2.95,3.55,1.1017089,1.035165,2022-03-22 16:10:14.670774
2022-03-23 23:15:00,Brazil,Campeonato Paraibano,Sao Paulo Crystal,Auto Esporte,1.56,3.53,5.59,2.0287719,0.79253966,2022-03-22 16:10:14.670774
2022-03-23 23:30:00,Brazil,Campeonato Catarinense,Figueirense,Camboriu,2.29,2.81,3.28,1.2546283,0.77160096,2022-03-22 16:10:14.670774
2022-03-23 23:30:00,Brazil,Campeonato Sul-Matogrossense,Naviraiense,Operario MS,3.3,3.09,2.03,1.0655488,1.4282297,2022-03-22 16:10:14.670774
2022-03-23 23:30:00,Chile,Primera B,CD Santa Cruz,Barnechea,2.43,3.14,2.73,1.2531555,1.1155578,2022-03-22 16:10:14.670774
2022-03-23 23:30:00,Chile,Primera B,San Felipe,Melipilla,2.09,3.19,3.32,1.332201,1.0434991,2022-03-22 16:10:14.670774
2022-03-23 23:30:00,USA,USL Championship,Atlanta United 2,Tampa Bay,6.65,4.65,1.35,1.0453753,1.9825594,2022-03-22 16:10:14.670774
2022-03-23 23:35:00,Argentina,Primera Nacional,Quilmes,Agropecuario,1.97,3.03,4.1,1.1695988,0.9389392,2022-03-22 16:10:14.670774
2022-03-24 00:15:00,Argentina,Primera Nacional,Belgrano,San Telmo,1.85,3.18,4.45,1.3373134,0.87737185,2022-03-22 16:10:14.670774
2022-03-24 00:30:00,Argentina,Primera Nacional,Gimnasia Jujuy,Atletico Atlanta,1.82,3.15,4.75,1.3075407,0.8558423,2022-03-22 16:10:14.670774
2022-03-24 00:30:00,Argentina,Primera Nacional,Club A. Guemes,All Boys,2.1100000000000003,2.84,3.91,1.3500977,0.88839537,2022-03-22 16:10:14.670774
2022-03-24 00:35:00,Brazil,Campeonato Paulista,Palmeiras,Ituano,1.28,4.88,10.95,2.2608795,0.6327417,2022-03-22 16:10:14.670774
2022-03-24 01:00:00,El Salvador,Primera Division,Metapan,Luis Angel Firpo,2.3,3.09,2.8,1.2476856,1.0783017,2022-03-22 16:10:14.670774
2022-03-24 01:15:00,Brazil,Campeonato Gaucho,Gremio,Internacional,2.2,3.4,2.84,1.392713,1.2145782,2022-03-22 16:10:14.670774
2022-03-24 01:15:00,Colombia,Primera A,Ind. Medellin,Millonarios,2.7,2.87,2.85,1.0769556,1.0640265,2022-03-22 16:10:14.670774
2022-03-24 01:15:00,El Salvador,Primera Division,Santa Tecla,Aguila,3.41,3.08,2.0,0.89067745,1.3509637,2022-03-22 16:10:14.670774
2022-03-24 08:30:00,India,I-League,Indian Arrows,Sreenidi Deccan,10.6,4.83,1.29,0.6714226,1.6666265,2022-03-22 16:10:14.670774
2022-03-24 09:10:00,World,World Cup,Australia,Japan,2.62,3.16,2.74,1.1943351,1.3895953,2022-03-22 16:10:14.670774
2022-03-24 11:00:00,India,I-League,Sudeva Delhi,Neroca FC,4.0,2.94,2.04,0.6797288,1.1243984,2022-03-22 16:10:14.670774
2022-03-24 11:00:00,World,World Cup,South Korea,Iran,2.17,3.05,3.64,1.0928315,0.82014894,2022-03-22 16:10:14.670774
2022-03-24 12:00:00,World,World Cup,Lebanon,Syria,2.33,2.99,3.31,0.7524326,0.96422654,2022-03-22 16:10:14.670774
2022-03-24 12:00:00,World,World Cup,Vietnam,Oman,2.93,3.3,2.38,1.2423538,1.6122187,2022-03-22 16:10:14.670774
2022-03-24 13:00:00,Greece,Super League 2,PAOK B,Pierikos,1.89,3.2,3.69,1.1943028,0.88482314,2022-03-22 16:10:14.670774
2022-03-24 14:00:00,India,I-League,Churchill Brothers,Aizawl,2.69,3.25,2.55,1.1810343,1.419056,2022-03-22 16:10:14.670774
2022-03-24 15:00:00,World,World Cup,China,Saudi Arabia,8.74,4.33,1.39,0.54764366,2.2321477,2022-03-22 16:10:14.670774
2022-03-24 16:00:00,Europe,Euro U21,Serbia U21,North Macedonia U21,1.42,4.48,6.72,2.0606353,0.7382079,2022-03-22 16:10:14.670774
2022-03-24 16:00:00,World,Friendly International,Armenia,Montenegro,2.62,3.26,2.6100000000000003,1.287705,1.0902935,2022-03-22 16:10:14.670774
2022-03-24 16:30:00,Europe,Euro U21,Israel U21,Poland U21,2.33,3.32,2.83,1.2851877,1.099205,2022-03-22 16:10:14.670774
2022-03-24 17:00:00,Europe,UEFA Nations League,Moldova,Kazakhstan,2.99,3.0,2.6,0.9680938,1.0408914,2022-03-22 16:10:14.670774
2022-03-24 17:00:00,Europe,UEFA Nations League,Estonia,Cyprus,2.27,3.01,3.56,1.0851122,0.9158667,2022-03-22 16:10:14.670774
2022-03-24 17:00:00,World,Friendly International,Bosnia & Herzegovina,Georgia,1.82,3.52,4.27,1.6283431,0.9668036,2022-03-22 16:10:14.670774
2022-03-24 17:00:00,World,Friendly International,Kosovo,Burkina Faso,2.56,3.25,2.7,1.3260862,1.0431204,2022-03-22 16:10:14.670774
2022-03-24 17:00:00,World,World Cup,Iraq,United Arab Emirates,2.41,2.98,3.19,0.9151183,0.9224058,2022-03-22 16:10:14.670774
2022-03-24 18:30:00,Germany,Oberliga Mittelrhein,Alfter,Pesch,2.64,4.0,2.12,1.4616532,1.872893,2022-03-22 16:10:14.670774
2022-03-24 18:30:00,Germany,Oberliga Mittelrhein,Deutz,Glesch-Paffendorf,7.65,5.5,1.25,0.89319,2.9977646,2022-03-22 16:10:14.670774
2022-03-24 18:30:00,World,Friendly International,Hungary,Serbia,3.63,3.23,2.1100000000000003,0.89596206,1.4675705,2022-03-22 16:10:14.670774
2022-03-24 19:45:00,Europe,Euro U21,France U21,Faroe Islands U21,1.03,14.42,28.33,4.478635,0.22583835,2022-03-22 16:10:14.670774
2022-03-24 19:45:00,World,Friendly International,Scotland,Poland,2.48,3.25,2.98,1.1975019,0.8961933,2022-03-22 16:10:14.670774
2022-03-24 19:45:00,World,World Cup,Wales,Austria,2.8200000000000003,2.99,2.76,0.957204,0.91607016,2022-03-22 16:10:14.670774
2022-03-24 19:45:00,World,World Cup,Sweden,Czech Republic,2.02,3.27,4.0,1.3704644,1.1483264,2022-03-22 16:10:14.670774
2022-03-24 19:45:00,World,World Cup,Portugal,Turkey,1.38,4.890000000000001,8.17,2.1594348,0.7485311,2022-03-22 16:10:14.670774
2022-03-24 19:45:00,World,World Cup,Italy,North Macedonia,1.18,6.94,16.14,2.3203306,0.4301188,2022-03-22 16:10:14.670774
2022-03-24 22:00:00,Brazil,Campeonato Paulista,Corinthians,Guarani,1.38,4.23,8.15,1.8898708,0.6878363,2022-03-22 16:10:14.670774
2022-03-24 22:00:00,Brazil,Copa do Nordeste,Ceara,CRB,1.59,3.04,6.5,1.5221386,0.5558622,2022-03-22 16:10:14.670774
2022-03-24 23:00:00,Brazil,Campeonato Carioca,Portuguesa RJ,Resende,1.71,3.51,4.82,1.6269866,0.9971671,2022-03-22 16:10:14.670774
2022-03-24 23:05:00,World,World Cup,Jamaica,El Salvador,2.09,3.18,3.71,1.1996216,0.8097273,2022-03-22 16:10:14.670774
2022-03-24 23:30:00,World,World Cup,Uruguay,Peru,1.63,3.39,6.68,1.5913317,0.35108396,2022-03-22 16:10:14.670774
2022-03-24 23:30:00,World,World Cup,Colombia,Bolivia,1.1,9.02,25.48,3.1817055,0.3286759,2022-03-22 16:10:14.670774
2022-03-24 23:30:00,World,World Cup,Brazil,Chile,1.43,4.5,7.68,2.0477176,0.71301395,2022-03-22 16:10:14.670774
2022-03-24 23:30:00,World,World Cup,Paraguay,Ecuador,3.3,2.97,2.4,0.6997456,1.2094887,2022-03-22 16:10:14.670774
2022-03-25 01:00:00,Mexico,Liga de Expansion MX,Leones Negros,Raya2,2.09,3.28,3.43,1.4001293,1.0748357,2022-03-22 16:10:14.670774
2022-03-25 01:05:00,World,World Cup,Panama,Honduras,1.45,4.140000000000001,7.47,1.6834809,0.57998407,2022-03-22 16:10:14.670774
2022-03-25 02:00:00,World,World Cup,Mexico,USA,2.09,3.19,3.69,1.0837117,1.1653234,2022-03-22 16:10:14.670774
2022-03-25 02:05:00,World,World Cup,Costa Rica,Canada,3.27,3.02,2.33,1.2527145,0.87229204,2022-03-22 16:10:14.670774
2022-03-25 08:30:00,Australia,NPL Victoria,Dandenong Thunder,Dandenong City,1.91,3.65,3.65,1.7492876,1.1634058,2022-03-22 16:10:14.670774
2022-03-25 08:30:00,India,I-League,Rajasthan United,Kenkre,1.25,5.39,11.02,2.370815,0.5572283,2022-03-22 16:10:14.670774
2022-03-25 08:45:00,Australia,A-League,Newcastle Jets,Sydney FC,3.04,3.5,2.26,1.3924326,1.6373947,2022-03-22 16:10:14.670774
2022-03-25 09:00:00,Australia,NPL South Australian,Campbelltown City,West Torrens,1.44,4.13,5.78,2.2574477,1.2914532,2022-03-22 16:10:14.670774
2022-03-25 09:30:00,Australia,NPL Victoria,Oakleigh Cannons,Port Melbourne Sharks,2.21,3.54,2.92,1.6466604,1.3292471,2022-03-22 16:10:14.670774
2022-03-25 11:00:00,India,I-League,Punjab,Real Kashmir,2.44,3.09,2.9,1.2790241,1.0878601,2022-03-22 16:10:14.670774
2022-03-25 11:15:00,Indonesia,Liga 1,Persib Bandung,Persik Kediri,1.73,3.36,4.59,1.3314736,0.7568505,2022-03-22 16:10:14.670774
2022-03-25 12:00:00,World,Friendly International,Latvia,Kuwait,2.25,3.4,3.03,1.3368335,1.0573083,2022-03-22 16:10:14.670774
2022-03-25 13:00:00,Germany,Regionalliga West,Schalke II,Dusseldorf II,2.08,3.6,3.05,1.6023602,1.2221394,2022-03-22 16:10:14.670774
2022-03-25 14:00:00,Europe,Euro U21,Bosnia & Herzegovina U21,Luxembourg U21,1.2,6.45,10.5,2.7064724,0.5811961,2022-03-22 16:10:14.670774
2022-03-25 14:00:00,India,I-League,Mohammedan,Gokulam,2.45,3.27,2.76,1.2115264,1.2257308,2022-03-22 16:10:14.670774
2022-03-25 15:00:00,Europe,Euro U21,Azerbaijan U21,Estonia U21,1.47,4.220000000000001,6.28,1.9383783,0.79969317,2022-03-22 16:10:14.670774
2022-03-25 15:00:00,Europe,Euro U21,Slovakia U21,Northern Ireland U21,1.54,3.88,6.35,1.8270675,0.7436788,2022-03-22 16:10:14.670774
2022-03-25 15:00:00,World,World Cup,D.R. Congo,Morocco,3.24,2.87,2.43,0.9002591,0.9003547,2022-03-22 16:10:14.670774
2022-03-25 16:00:00,Czech Republic,MOL Cup,Hradec Kralove,Slovacko,3.1,3.31,2.29,1.1564788,1.3544075,2022-03-22 16:10:14.670774
2022-03-25 17:00:00,Europe,Euro U21,Croatia U21,Austria U21,1.65,3.81,4.6,1.7783636,1.0088762,2022-03-22 16:10:14.670774
2022-03-25 17:00:00,Europe,Euro U21,Kosovo U21,Slovenia U21,2.9,3.37,2.3,1.1416152,1.3357757,2022-03-22 16:10:14.670774
2022-03-25 17:00:00,Poland,III Liga - Group I,Wikielec,KS Kutno,2.17,3.54,2.88,1.5284449,1.3234341,2022-03-22 16:10:14.670774
2022-03-25 17:00:00,World,Friendly International,Norway,Slovakia,1.77,3.47,4.890000000000001,1.4816611,0.8116312,2022-03-22 16:10:14.670774
2022-03-25 17:00:00,World,World Cup,Cameroon,Algeria,2.22,2.98,3.53,1.4847859,1.2172066,2022-03-22 16:10:14.670774
2022-03-25 17:00:00,World,World Cup,Mali,Tunisia,2.22,2.88,3.65,0.60138613,1.0909387,2022-03-22 16:10:14.670774
2022-03-25 17:15:00,Europe,Euro U21,Germany U21,Latvia U21,1.04,14.5,30.0,4.3925686,0.28737855,2022-03-22 16:10:14.670774
2022-03-25 17:30:00,Europe,Euro U21,Montenegro U21,Italy U21,6.5,4.34,1.42,0.88119954,2.1942868,2022-03-22 16:10:14.670774
2022-03-25 17:45:00,Europe,Euro U21,Bulgaria U21,Netherlands U21,7.12,4.529999999999999,1.4,0.6480167,2.2912393,2022-03-22 16:10:14.670774
2022-03-25 18:00:00,Europe,Euro U21,Switzerland U21,Wales U21,1.37,4.65,7.42,2.1155052,0.7750135,2022-03-22 16:10:14.670774
2022-03-25 18:00:00,Europe,Euro U21,Albania U21,Czech Republic U21,5.1,3.72,1.61,0.7820993,1.0586025,2022-03-22 16:10:14.670774
2022-03-25 18:00:00,France,National,Bastia-Borgo,Villefranche,3.63,3.0,2.1100000000000003,0.8459365,1.2017993,2022-03-22 16:10:14.670774
2022-03-25 18:00:00,France,National,Sete,Concarneau,4.25,3.14,1.88,0.8307571,1.5188378,2022-03-22 16:10:14.670774
2022-03-25 18:00:00,France,National,Cholet,Annecy,3.36,3.05,2.19,1.1025071,1.4278705,2022-03-22 16:10:14.670774
2022-03-25 18:00:00,France,National,Stade Briochin,Sedan,2.12,2.83,3.89,1.173782,0.97841084,2022-03-22 16:10:14.670774
2022-03-25 18:00:00,France,National,Creteil,Chambly,2.48,3.01,2.89,1.222752,1.0992901,2022-03-22 16:10:14.670774
2022-03-25 18:00:00,France,National,Chateauroux,Boulogne,1.61,3.46,5.59,1.5248713,0.8405851,2022-03-22 16:10:14.670774
2022-03-25 18:00:00,France,National,Le Mans,Red Star,2.95,2.95,2.46,1.0197737,1.1160012,2022-03-22 16:10:14.670774
2022-03-25 18:00:00,France,National,Avranches,Orleans,2.92,2.99,2.46,1.064782,1.1386117,2022-03-22 16:10:14.670774
2022-03-25 18:00:00,Germany,Regionalliga Bayern,Unterhaching,Schalding,1.58,4.0600000000000005,4.859999999999999,1.9918053,0.9959314,2022-03-22 16:10:14.670774
2022-03-25 18:00:00,Germany,Regionalliga Bayern,Aschaffenburg,Eichstatt,1.93,3.66,3.39,1.8459486,1.2430724,2022-03-22 16:10:14.670774
2022-03-25 18:00:00,Germany,Regionalliga Bayern,Buchbach,Eltersdorf,1.85,3.68,3.63,1.6762123,1.2722044,2022-03-22 16:10:14.670774
2022-03-25 18:00:00,World,Friendly International,Malta,Azerbaijan,2.9,3.45,2.23,1.1644558,1.4281112,2022-03-22 16:10:14.670774
2022-03-25 18:15:00,World,Friendly International,Romania,Greece,2.42,3.0,3.22,1.153299,0.94319665,2022-03-22 16:10:14.670774
2022-03-25 19:00:00,Europe,Euro U21,Spain U21,Lithuania U21,1.04,15.0,30.0,4.772405,0.1770377,2022-03-22 16:10:14.670774
2022-03-25 19:05:00,Europe,Euro U21,Scotland U21,Turkey U21,2.21,3.35,2.98,1.2947774,1.1683415,2022-03-22 16:10:14.670774
2022-03-25 19:15:00,World,Friendly International,Luxembourg,Northern Ireland,3.45,3.3,2.15,1.0331688,1.3132985,2022-03-22 16:10:14.670774
2022-03-25 19:30:00,Belgium,Super League Women,Femina Woluwe W,Waregem W,7.4,5.13,1.28,0.61040145,2.452178,2022-03-22 16:10:14.670774
2022-03-25 19:30:00,Poland,Division 1,LKS Lodz,Legnica,4.779999999999999,3.74,1.67,0.92204565,1.7830826,2022-03-22 16:10:14.670774
2022-03-25 19:30:00,World,World Cup,Egypt,Senegal,2.73,2.87,2.8200000000000003,1.0380992,0.9170217,2022-03-22 16:10:14.670774
2022-03-25 19:30:00,World,World Cup,Ghana,Nigeria,2.71,2.85,2.85,0.91216946,0.9396833,2022-03-22 16:10:14.670774
2022-03-25 19:45:00,Europe,Euro U21,England U21,Andorra U21,1.01,20.0,35.0,4.9601793,0.06922104,2022-03-22 16:10:14.670774
2022-03-25 19:45:00,Ireland,Division 1,Bray,Wexford,2.01,3.58,3.29,1.6428065,1.1542273,2022-03-22 16:10:14.670774
2022-03-25 19:45:00,Ireland,Division 1,Cork City,Athlone,1.27,5.35,9.47,2.4181674,0.74056983,2022-03-22 16:10:14.670774
2022-03-25 19:45:00,Ireland,Division 1,Treaty United,Waterford,4.42,3.66,1.72,0.97925705,1.852274,2022-03-22 16:10:14.670774
2022-03-25 19:45:00,Ireland,Division 1,Longford,Galway,3.05,3.1,2.21,0.94131726,1.3293058,2022-03-22 16:10:14.670774
2022-03-25 19:45:00,Northern Ireland,NIFL Premiership,Larne,Ballymena,1.52,4.46,5.12,1.9315659,0.96488416,2022-03-22 16:10:14.670774
2022-03-25 20:00:00,Netherlands,Eerste Divisie,Dordrecht,Den Haag,4.02,3.81,1.8,1.147135,1.9004465,2022-03-22 16:10:14.670774
2022-03-25 20:00:00,Netherlands,Eerste Divisie,Eindhoven FC,Graafschap,2.47,3.51,2.63,1.4328445,1.4449365,2022-03-22 16:10:14.670774
2022-03-25 20:00:00,Spain,LaLiga2,Zaragoza,Amorebieta,1.89,3.26,4.43,1.1627706,0.8997797,2022-03-22 16:10:14.670774
2022-03-25 20:15:00,Europe,Euro U21,Portugal U21,Iceland U21,1.13,7.67,13.17,2.8127527,0.5446425,2022-03-22 16:10:14.670774
2022-03-25 20:15:00,World,Friendly International,France,Ivory Coast,1.34,4.9,9.04,2.4079702,0.65096533,2022-03-22 16:10:14.670774
2022-03-25 20:30:00,Peru,Liga 1,U. San Martin,Binacional,5.31,3.8,1.6,0.5409605,1.5256164,2022-03-22 16:10:14.670774
2022-03-25 21:00:00,Colombia,Primera A,Junior,Dep. Pasto,1.46,4.07,7.06,1.8276161,0.69365984,2022-03-22 16:10:14.670774
2022-03-25 23:05:00,Colombia,Primera B,Leones,Atletico F.C.,1.48,4.07,6.42,1.8236318,0.7712192,2022-03-22 16:10:14.670774
2022-03-25 23:30:00,World,World Cup,Argentina,Venezuela,1.18,6.52,16.48,2.1106296,0.41263238,2022-03-22 16:10:14.670774
2022-03-26 01:05:00,Colombia,Primera B,Quindio,Barranquilla,1.37,4.32,8.01,1.6918607,0.6225899,2022-03-22 16:10:14.670774
2022-03-26 04:00:00,Australia,NPL Victoria,Eastern Lions,Avondale FC,10.89,5.72,1.24,0.7708743,2.7320428,2022-03-22 16:10:14.670774
2022-03-26 04:00:00,Japan,J2 League,Grulla Morioka,Renofa Yamaguchi,2.63,2.95,2.8,1.057396,1.2267956,2022-03-22 16:10:14.670774
2022-03-26 04:00:00,Japan,J2 League,Omiya Ardija,Okayama,2.89,3.05,2.48,1.0604495,1.1209192,2022-03-22 16:10:14.670774
2022-03-26 04:30:00,Australia,NPL South Australian,White City,Cumberland Utd.,1.62,4.24,4.27,1.8857826,1.3600556,2022-03-22 16:10:14.670774
2022-03-26 04:30:00,Australia,NPL South Australian,South Adelaide,Adelaide Comets,3.24,3.67,1.98,1.0800703,1.7556094,2022-03-22 16:10:14.670774
2022-03-26 04:30:00,Australia,NPL South Australian,NE Metrostars,Adelaide City,2.78,3.51,2.26,1.429127,1.6426764,2022-03-22 16:10:14.670774
2022-03-26 04:30:00,South Korea,K League 2,Gwangju FC,Asan,1.65,3.43,5.45,1.5003622,0.76092577,2022-03-22 16:10:14.670774
2022-03-26 04:45:00,Australia,NPL Victoria,Green Gully,South Melbourne,2.68,3.55,2.4,1.3073944,1.4811707,2022-03-22 16:10:14.670774
2022-03-26 05:00:00,Japan,J2 League,Vegalta Sendai,Machida,2.52,3.04,2.84,0.94721156,1.0229383,2022-03-22 16:10:14.670774
2022-03-26 05:00:00,Japan,J2 League,Montedio Yamagata,Verdy,2.01,3.18,3.77,1.2855426,0.9051107,2022-03-22 16:10:14.670774
2022-03-26 05:00:00,Japan,J2 League,Mito,Kumamoto,2.28,3.17,3.11,1.2548022,1.0584952,2022-03-22 16:10:14.670774
2022-03-26 05:00:00,Japan,J2 League,Tochigi,Chiba,3.34,2.72,2.44,0.8790751,1.0672907,2022-03-22 16:10:14.670774
2022-03-26 05:00:00,Japan,J2 League,Kofu,Yokohama FC,2.51,3.11,2.8200000000000003,0.96994114,1.1500818,2022-03-22 16:10:14.670774
2022-03-26 05:00:00,Japan,J2 League,Albirex Niigata,Kusatsu,1.78,3.18,5.02,1.1933025,0.86955607,2022-03-22 16:10:14.670774
2022-03-26 05:00:00,Japan,J2 League,V-Varen Nagasaki,Kanazawa,1.74,3.48,4.69,1.5982882,0.860353,2022-03-22 16:10:14.670774
2022-03-26 05:00:00,Japan,YBC Levain Cup,Cerezo Osaka,Oita Trinita,1.5699999999999998,3.89,5.45,1.5241477,0.8067084,2022-03-22 16:10:14.670774
2022-03-26 05:00:00,Japan,YBC Levain Cup,Nagoya Grampus,Tokushima,1.72,3.4,5.01,1.6606979,0.9724516,2022-03-22 16:10:14.670774
2022-03-26 05:00:00,Japan,YBC Levain Cup,Sanfrecce Hiroshima,Shimizu S-Pulse,1.82,3.32,4.48,1.1920156,0.871398,2022-03-22 16:10:14.670774
2022-03-26 05:00:00,Japan,YBC Levain Cup,Hokkaido Consadole Sapporo,Kyoto,1.74,3.72,4.3100000000000005,1.7170913,1.4086074,2022-03-22 16:10:14.670774
2022-03-26 05:00:00,Japan,YBC Levain Cup,Iwata,Avispa Fukuoka,2.16,3.18,3.34,1.1562114,0.82806647,2022-03-22 16:10:14.670774
2022-03-26 05:00:00,Russia,FNL,SKA Khabarovsk,Tekstilshtik,1.12,7.17,23.81,2.6103024,0.3918957,2022-03-22 16:10:14.670774
2022-03-26 06:00:00,Japan,YBC Levain Cup,Kashima Antlers,Gamba Osaka,1.4,4.640000000000001,6.76,1.9367597,0.9315606,2022-03-22 16:10:14.670774
2022-03-26 06:00:00,Japan,YBC Levain Cup,Kashiwa Reysol,Sagan Tosu,2.18,3.18,3.3,1.0763007,0.80472624,2022-03-22 16:10:14.670774
2022-03-26 06:00:00,Japan,YBC Levain Cup,FC Tokyo,Shonan Bellmare,1.86,3.28,4.3,1.3200179,0.85057294,2022-03-22 16:10:14.670774
2022-03-26 06:05:00,Australia,A-League,Brisbane Roar,Western United,2.89,3.35,2.44,1.3102477,1.5273623,2022-03-22 16:10:14.670774
2022-03-26 06:05:00,Australia,A-League,Wellington Phoenix,Perth Glory,2.34,3.49,2.91,1.8732028,1.4480492,2022-03-22 16:10:14.670774
2022-03-26 07:00:00,South Korea,K League 2,Daejeon,Gyeongnam,2.09,3.21,3.44,1.2818139,1.0642122,2022-03-22 16:10:14.670774
2022-03-26 08:00:00,Australia,NPL Victoria,Hume City,Bentleigh Greens,2.87,3.56,2.24,1.3383894,1.5114152,2022-03-22 16:10:14.670774
2022-03-26 08:30:00,Australia,NPL South Australian,Adelaide Olympic,Sturt Lions,2.04,3.63,3.11,1.90129,1.4692135,2022-03-22 16:10:14.670774
2022-03-26 08:45:00,Australia,A-League,Macarthur FC,Melbourne City,3.99,3.85,1.83,1.1266837,1.9440769,2022-03-22 16:10:14.670774
2022-03-26 08:45:00,Australia,A-League,Central Coast Mariners,Adelaide United,2.41,3.49,2.81,1.5022849,1.3394402,2022-03-22 16:10:14.670774
2022-03-26 09:00:00,Australia,NPL South Australian,Adelaide U21,Croydon Kings,3.69,3.78,1.81,1.1659906,2.0359004,2022-03-22 16:10:14.670774
2022-03-26 09:30:00,South Korea,K League 2,Jeonnam,Ansan Greeners,1.95,3.02,4.19,1.1716979,0.92012715,2022-03-22 16:10:14.670774
2022-03-26 10:00:00,Russia,FNL,Yenisey,Fakel Voronezh,3.03,3.2,2.3,0.99352014,1.1036404,2022-03-22 16:10:14.670774
2022-03-26 10:30:00,Poland,III Liga - Group I,LKS Lodz II,T. Mazowiecki,2.02,3.59,3.17,1.4913623,1.18108,2022-03-22 16:10:14.670774
2022-03-26 11:00:00,Poland,Division 2,Pruszkow,Suwalki,2.46,3.18,2.7,1.2739644,1.1409663,2022-03-22 16:10:14.670774
2022-03-26 11:00:00,Poland,Ekstraliga Women,GKS Katowice W,UJ Krakow W,2.28,3.8,2.52,1.5093532,1.3293335,2022-03-22 16:10:14.670774
2022-03-26 11:00:00,Russia,FNL,Spartak Moscow 2,Lipetsk,1.56,3.95,5.47,1.8538632,0.85793614,2022-03-22 16:10:14.670774
2022-03-26 11:00:00,Russia,FNL,Krasnodar 2,Orenburg,6.1,3.79,1.54,0.7038886,1.8064356,2022-03-22 16:10:14.670774
2022-03-26 11:00:00,Russia,FNL,Veles Moscow,Olimp-Dolgoprudny,1.83,3.32,4.37,1.3918468,0.85720587,2022-03-22 16:10:14.670774
2022-03-26 11:00:00,Spain,Primera Division Women,Sevilla FC W,Eibar W,1.66,3.8,4.37,1.7509706,0.9192129,2022-03-22 16:10:14.670774
2022-03-26 11:00:00,Spain,Primera Division Women,Real Madrid W,Levante W,1.65,4.04,4.08,1.8960276,0.90636873,2022-03-22 16:10:14.670774
2022-03-26 12:00:00,Poland,Ekstraliga Women,Leczna W,Olimpia Szczecin W,1.05,13.5,13.92,4.5307293,0.84012926,2022-03-22 16:10:14.670774
2022-03-26 12:00:00,Poland,Ekstraliga Women,Czarni Sosnowiec W,Slask Wroclaw W,1.15,8.82,8.85,3.9037857,0.7934716,2022-03-22 16:10:14.670774
2022-03-26 12:00:00,Poland,III Liga - Group IV,Avia Swidnik,Podhale Nowy Targ,4.01,3.64,1.77,1.0757301,1.8795961,2022-03-22 16:10:14.670774
2022-03-26 12:00:00,Spain,Primera Division Women,Atl. Madrid W,Valencia W,1.24,5.67,9.46,2.6041589,0.86298037,2022-03-22 16:10:14.670774
2022-03-26 12:30:00,Poland,Ekstraliga Women,Medyk Konin W,UKS SMS Lodz W,4.09,5.13,1.52,1.0542951,1.7979256,2022-03-22 16:10:14.670774
2022-03-26 12:45:00,Greece,Super League 2,AEL Larissa,Pierikos,1.17,5.36,16.4,2.251191,0.38288113,2022-03-22 16:10:14.670774
2022-03-26 12:45:00,Greece,Super League 2,PAE Egaleo,Episkopi,1.6800000000000002,3.02,5.52,1.4476464,0.5593121,2022-03-22 16:10:14.670774
2022-03-26 13:00:00,Belgium,Super League Women,Aalst W,Gent W,10.5,6.37,1.17,0.6040807,2.3979568,2022-03-22 16:10:14.670774
2022-03-26 13:00:00,Germany,3. Liga,VfL Osnabruck,Braunschweig,2.19,3.34,3.11,1.367561,1.112756,2022-03-22 16:10:14.670774
2022-03-26 13:00:00,Germany,Regionalliga Bayern,Rain/Lech,Heimstetten,2.6,3.5,2.35,1.2933161,1.4630427,2022-03-22 16:10:14.670774
2022-03-26 13:00:00,Germany,Regionalliga Bayern,Furth II,Augsburg II,2.45,3.5,2.48,1.2978793,1.388012,2022-03-22 16:10:14.670774
2022-03-26 13:00:00,Germany,Regionalliga Bayern,Pipinsried,Rosenheim,1.64,4.029999999999999,4.26,1.9032423,1.1843603,2022-03-22 16:10:14.670774
2022-03-26 13:00:00,Germany,Regionalliga Bayern,Schweinfurt,Memmingen,1.33,5.0,6.91,2.3462245,0.8392602,2022-03-22 16:10:14.670774
2022-03-26 13:00:00,Germany,Regionalliga Sudwest,Ulm,Schott Mainz,1.48,4.1,5.59,1.959261,0.8658401,2022-03-22 16:10:14.670774
2022-03-26 13:00:00,Germany,Regionalliga Sudwest,RW Koblenz,Mainz II,4.65,3.9,1.59,0.88148075,1.7554951,2022-03-22 16:10:14.670774
2022-03-26 13:00:00,Germany,Regionalliga Sudwest,Hoffenheim II,Walldorf,1.98,3.57,3.18,1.4703652,1.1818564,2022-03-22 16:10:14.670774
2022-03-26 13:00:00,Germany,Regionalliga Sudwest,Grossaspach,Steinbach Haiger,3.3,3.6,1.95,1.1148521,1.5655907,2022-03-22 16:10:14.670774
2022-03-26 13:00:00,Germany,Regionalliga Sudwest,Stuttgart II,Giessen,1.59,3.92,4.65,2.011911,1.0888127,2022-03-22 16:10:14.670774
2022-03-26 13:00:00,Germany,Regionalliga Sudwest,FSV Frankfurt,Aalen,1.84,3.64,3.65,1.6446354,1.1782227,2022-03-22 16:10:14.670774
2022-03-26 13:00:00,Germany,Regionalliga Sudwest,FC 08 Homburg,Balingen,1.69,3.81,4.18,1.8202109,1.181307,2022-03-22 16:10:14.670774
2022-03-26 13:00:00,Germany,Regionalliga Sudwest,Elversberg,Bahlinger,1.3,4.890000000000001,8.219999999999999,2.3793447,0.8317971,2022-03-22 16:10:14.670774
2022-03-26 13:00:00,Germany,Regionalliga Sudwest,Offenbach,Pirmasens,1.31,4.7,8.05,2.12349,0.7292788,2022-03-22 16:10:14.670774
2022-03-26 13:00:00,Germany,Regionalliga West,Koln II,Ahlen,1.81,3.6,3.84,1.6536032,1.0449408,2022-03-22 16:10:14.670774
2022-03-26 13:00:00,Germany,Regionalliga West,B. Monchengladbach II,Wegberg-Beeck,1.63,3.76,4.58,1.9137925,0.9653017,2022-03-22 16:10:14.670774
2022-03-26 13:00:00,Germany,Regionalliga West,Bonner,Lotte,2.12,3.49,3.08,1.4606363,1.2198546,2022-03-22 16:10:14.670774
2022-03-26 13:00:00,Germany,Regionalliga West,Preussen Munster,Homberg,1.14,6.33,16.130000000000003,2.753119,0.52383035,2022-03-22 16:10:14.670774
2022-03-26 13:00:00,Germany,Regionalliga West,Lippstadt,Fortuna Koln,5.1,3.9,1.53,0.78570485,1.8144537,2022-03-22 16:10:14.670774
2022-03-26 13:00:00,Germany,Regionalliga West,Oberhausen,Wuppertaler,2.4,3.41,2.6100000000000003,1.3719118,1.2661593,2022-03-22 16:10:14.670774
2022-03-26 13:00:00,Germany,Regionalliga West,Uerdingen,Straelen,3.39,3.5,1.96,1.1987991,1.4897836,2022-03-22 16:10:14.670774
2022-03-26 13:00:00,Germany,Regionalliga West,Wiedenbruck,RW Essen,5.24,3.92,1.53,0.8227006,1.7667361,2022-03-22 16:10:14.670774
2022-03-26 13:00:00,Poland,Division 2,Wisla Pulawy,Ostroda,1.73,3.67,4.15,1.6504477,1.0521883,2022-03-22 16:10:14.670774
2022-03-26 13:00:00,Poland,III Liga - Group I,Mamry Gizycko,Pilica Bialobrzegi,2.46,3.55,2.6100000000000003,1.2646406,1.3891929,2022-03-22 16:10:14.670774
2022-03-26 13:00:00,Poland,III Liga - Group IV,Wolka Pelkinska,Cracovia 2,5.58,4.0600000000000005,1.51,0.66853166,1.4789408,2022-03-22 16:10:14.670774
2022-03-26 13:00:00,Poland,III Liga - Group IV,Czarni Polaniec,Siarka Tarnobrzeg,5.49,4.02,1.51,0.87287134,2.076449,2022-03-22 16:10:14.670774
2022-03-26 13:00:00,Russia,FNL,R. Volgograd,Neftekhimik,3.66,3.18,2.04,0.77050054,1.3388884,2022-03-22 16:10:14.670774
2022-03-26 13:00:00,Russia,FNL,Kamaz,Akron Togliatti,2.25,2.99,3.36,0.9770702,0.93648505,2022-03-22 16:10:14.670774
2022-03-26 13:00:00,Spain,LaLiga2,UD Ibiza,R. Sociedad B,1.96,3.3,4.09,1.4065036,0.85312676,2022-03-22 16:10:14.670774
2022-03-26 13:00:00,World,Friendly International,Finland,Iceland,2.27,3.11,3.41,1.1374781,0.9032555,2022-03-22 16:10:14.670774
2022-03-26 14:00:00,Czech Republic,Division 2,Lisen,Trinec,1.53,3.8,5.2,1.7001342,0.84179604,2022-03-22 16:10:14.670774
2022-03-26 14:00:00,Poland,Division 2,Pogon Siedlce,Garbarnia,2.56,3.22,2.56,1.286947,1.2711545,2022-03-22 16:10:14.670774
2022-03-26 14:00:00,Poland,Division 2,Hutnik Krakow,Grodzisk M.,2.56,3.22,2.56,1.1865679,1.2996008,2022-03-22 16:10:14.670774
2022-03-26 14:00:00,Poland,Division 2,Slask Wroclaw 2,Chojniczanka,3.41,3.44,1.97,1.0729134,1.345861,2022-03-22 16:10:14.670774
2022-03-26 14:00:00,Poland,III Liga - Group I,Skierniewice,Swit Mazowiecki,2.74,3.54,2.27,1.2981697,1.4896528,2022-03-22 16:10:14.670774
2022-03-26 14:00:00,Poland,III Liga - Group IV,Korona Rzeszow,Chelmianka Chelm,2.78,3.44,2.27,1.3547714,1.4203545,2022-03-22 16:10:14.670774
2022-03-26 14:00:00,Poland,III Liga - Group IV,Unia Tarnow,LKS Lagow,4.05,3.64,1.77,0.8581408,1.5481704,2022-03-22 16:10:14.670774
2022-03-26 14:00:00,Poland,III Liga - Group IV,Ostrowiec Swietokrzyski,Orleta Radzyn,2.41,3.43,2.6100000000000003,1.2728558,1.1757215,2022-03-22 16:10:14.670774
2022-03-26 14:00:00,Russia,FNL,Kuban,Baltika,3.51,3.25,2.0700000000000003,0.98047364,1.4080138,2022-03-22 16:10:14.670774
2022-03-26 14:00:00,World,Friendly International,Croatia,Slovenia,1.5,3.9,7.3,1.688448,0.5340516,2022-03-22 16:10:14.670774
2022-03-26 15:00:00,England,League One,Accrington,Gillingham,1.8,3.63,4.470000000000001,1.8073134,0.9782901,2022-03-22 16:10:14.670774
2022-03-26 15:00:00,England,League One,AFC Wimbledon,Cambridge Utd,2.27,3.35,3.17,1.5226848,1.0922781,2022-03-22 16:10:14.670774
2022-03-26 15:00:00,England,League One,Doncaster,Charlton,4.05,3.46,1.93,0.9767951,1.4792191,2022-03-22 16:10:14.670774
2022-03-26 15:00:00,England,League One,Ipswich,Plymouth,1.95,3.53,3.87,1.5970017,1.0186735,2022-03-22 16:10:14.670774
2022-03-26 15:00:00,England,League One,Sheffield Wed,Cheltenham,1.63,4.0,5.27,1.9110817,0.905239,2022-03-22 16:10:14.670774
2022-03-26 15:00:00,England,League One,Shrewsbury,Lincoln,2.0700000000000003,3.32,3.71,1.3637449,0.9202935,2022-03-22 16:10:14.670774
2022-03-26 15:00:00,England,League Two,Carlisle,Bristol Rovers,2.65,3.3,2.66,1.2157809,1.2140214,2022-03-22 16:10:14.670774
2022-03-26 15:00:00,England,League Two,Colchester,Tranmere,2.58,3.3,2.73,1.2581936,1.2070123,2022-03-22 16:10:14.670774
2022-03-26 15:00:00,England,League Two,Crawley,Rochdale,2.31,3.42,3.03,1.3964975,1.2185761,2022-03-22 16:10:14.670774
2022-03-26 15:00:00,England,League Two,Exeter,Stevenage,1.73,3.74,4.74,1.5935447,0.8865588,2022-03-22 16:10:14.670774
2022-03-26 15:00:00,England,League Two,Leyton Orient,Barrow,2.28,3.37,3.12,1.459343,1.1294131,2022-03-22 16:10:14.670774
2022-03-26 15:00:00,England,League Two,Northampton,Hartlepool,1.96,3.43,3.92,1.505861,0.940891,2022-03-22 16:10:14.670774
2022-03-26 15:00:00,England,League Two,Oldham,Mansfield,3.13,3.33,2.29,1.1348698,1.3238556,2022-03-22 16:10:14.670774
2022-03-26 15:00:00,England,League Two,Port Vale,Sutton,2.1100000000000003,3.37,3.49,1.424662,0.94138354,2022-03-22 16:10:14.670774
2022-03-26 15:00:00,England,League Two,Salford,Walsall,2.02,3.4,3.71,1.2731395,0.949947,2022-03-22 16:10:14.670774
2022-03-26 15:00:00,England,League Two,Scunthorpe,Harrogate,3.71,3.4,2.03,0.9482752,1.4506464,2022-03-22 16:10:14.670774
2022-03-26 15:00:00,England,League Two,Bradford City,Newport,2.65,3.3,2.65,1.3138689,1.2419786,2022-03-22 16:10:14.670774
2022-03-26 15:00:00,England,National League,Altrincham,Aldershot,2.23,3.46,2.9,1.6699482,1.2999496,2022-03-22 16:10:14.670774
2022-03-26 15:00:00,England,National League,Eastleigh,Stockport,5.17,3.86,1.59,0.85942614,1.952904,2022-03-22 16:10:14.670774
2022-03-26 15:00:00,England,National League,Grimsby,Dag & Red,2.1100000000000003,3.29,3.3,1.4076763,1.0614892,2022-03-22 16:10:14.670774
2022-03-26 15:00:00,England,National League,King’s Lynn,FC Halifax,5.05,3.65,1.63,0.89890754,2.010138,2022-03-22 16:10:14.670774
2022-03-26 15:00:00,England,National League,Maidenhead,Barnet,2.24,3.43,2.92,1.3585176,1.2343175,2022-03-22 16:10:14.670774
2022-03-26 15:00:00,England,National League,Notts Co,Chesterfield,2.25,3.5,2.85,2.016228,1.3113817,2022-03-22 16:10:14.670774
2022-03-26 15:00:00,England,National League,Torquay,Weymouth,1.6,3.92,4.95,1.9731487,1.0366839,2022-03-22 16:10:14.670774
2022-03-26 15:00:00,England,National League,Wealdstone,Bromley,3.67,3.45,1.93,0.96244866,1.5393821,2022-03-22 16:10:14.670774
2022-03-26 15:00:00,England,National League,Woking,Solihull Moors,2.77,3.3,2.4,1.1460884,1.1967598,2022-03-22 16:10:14.670774
2022-03-26 15:00:00,England,National League,Yeovil,Southend,2.48,3.16,2.77,1.1392659,1.1150864,2022-03-22 16:10:14.670774
2022-03-26 15:00:00,England,National League,Wrexham,Dover,1.19,6.09,13.36,2.4276502,0.5008884,2022-03-22 16:10:14.670774
2022-03-26 15:00:00,England,National League North,Alfreton,Southport,2.15,3.4,3.0,1.595724,1.2325076,2022-03-22 16:10:14.670774
2022-03-26 15:00:00,England,National League North,Blyth,Hereford,2.73,3.33,2.3600000000000003,1.3067079,1.2024165,2022-03-22 16:10:14.670774
2022-03-26 15:00:00,England,National League North,Darlington,Boston Utd,2.69,3.36,2.39,1.2094917,1.3401213,2022-03-22 16:10:14.670774
2022-03-26 15:00:00,England,National League North,Farsley,AFC Telford,2.93,3.41,2.21,1.1581268,1.5836034,2022-03-22 16:10:14.670774
2022-03-26 15:00:00,England,National League North,Gateshead,Bradford PA,1.42,4.5,6.07,2.1046546,0.91395545,2022-03-22 16:10:14.670774
2022-03-26 15:00:00,England,National League North,Gloucester,AFC Fylde,3.15,3.3,2.14,1.1534256,1.1849076,2022-03-22 16:10:14.670774
2022-03-26 15:00:00,England,National League North,Guiseley,Chester,2.67,3.36,2.39,1.3063194,1.3003755,2022-03-22 16:10:14.670774
2022-03-26 15:00:00,England,National League North,Kettering,Chorley,2.45,3.28,2.65,1.3556491,1.233979,2022-03-22 16:10:14.670774
2022-03-26 15:00:00,England,National League North,Kidderminster,Curzon Ashton,1.9,3.47,3.66,1.6569526,1.1563418,2022-03-22 16:10:14.670774
2022-03-26 15:00:00,England,National League North,Spennymoor,Brackley Town,3.28,3.3,2.08,1.0461336,1.6350358,2022-03-22 16:10:14.670774
2022-03-26 15:00:00,England,National League North,York,Leamington,1.48,3.98,6.12,1.5364995,0.82311267,2022-03-22 16:10:14.670774
2022-03-26 15:00:00,England,National League South,Chelmsford,Hungerford,2.05,3.45,3.19,1.6731803,1.1768346,2022-03-22 16:10:14.670774
2022-03-26 15:00:00,England,National League South,Concord,Dulwich Hamlet,2.71,3.4,2.34,1.2917347,1.420181,2022-03-22 16:10:14.670774
2022-03-26 15:00:00,England,National League South,Eastbourne Boro,Bath,2.02,3.57,3.17,1.7123986,1.097651,2022-03-22 16:10:14.670774
2022-03-26 15:00:00,England,National League South,Ebbsfleet,Dorking,2.24,3.59,2.76,1.5890074,1.334567,2022-03-22 16:10:14.670774
2022-03-26 15:00:00,England,National League South,Hampton & Richmond,Dartford,3.19,3.4,2.06,1.1599631,1.4892459,2022-03-22 16:10:14.670774
2022-03-26 15:00:00,England,National League South,Havant & W,Billericay,1.46,4.2,5.85,1.993677,0.9662385,2022-03-22 16:10:14.670774
2022-03-26 15:00:00,England,National League South,Hemel Hempstead,Tonbridge,1.95,3.47,3.49,1.580889,1.1733042,2022-03-22 16:10:14.670774
2022-03-26 15:00:00,England,National League South,Maidstone,St. Albans,1.45,4.23,5.91,1.8877084,0.9187626,2022-03-22 16:10:14.670774
2022-03-26 15:00:00,England,National League South,Slough,Braintree,1.72,3.69,4.23,1.6778857,1.0137355,2022-03-22 16:10:14.670774
2022-03-26 15:00:00,Greece,Super League 2,AO Trikala,Xanthi FC,7.43,4.08,1.39,0.5587669,1.0723083,2022-03-22 16:10:14.670774
2022-03-26 15:00:00,Poland,Division 2,Motor Lublin,Lech Poznan 2,1.83,3.67,3.68,1.6814659,1.1539032,2022-03-22 16:10:14.670774
2022-03-26 15:00:00,Poland,III Liga - Group I,Legionowo,Sokol Aleksandrow L.,1.26,5.25,9.83,2.6289504,0.70050555,2022-03-22 16:10:14.670774
2022-03-26 15:00:00,Russia,FNL,Alania Vladikavkaz,Volgar-Astrakhan,1.34,4.8100000000000005,8.32,1.8623236,0.58901,2022-03-22 16:10:14.670774
2022-03-26 15:00:00,Russia,FNL,Tomsk,Torpedo Moscow,8.23,4.42,1.37,0.6870348,1.8819616,2022-03-22 16:10:14.670774
2022-03-26 15:00:00,Scotland,Championship,Arbroath,Raith,2.12,3.2,3.48,1.3113585,1.0337694,2022-03-22 16:10:14.670774
2022-03-26 15:00:00,Scotland,Championship,Hamilton,Queen of South,1.88,3.45,3.93,1.4571575,0.98172534,2022-03-22 16:10:14.670774
2022-03-26 15:00:00,Scotland,Championship,Inverness,Dunfermline,2.0,3.27,3.73,1.4081222,0.9958775,2022-03-22 16:10:14.670774
2022-03-26 15:00:00,Scotland,Championship,Kilmarnock,Partick Thistle,2.04,3.24,3.65,1.289504,1.0000135,2022-03-22 16:10:14.670774
2022-03-26 15:00:00,Scotland,Championship,Morton,Ayr,2.28,3.08,3.2,1.2158078,1.0574999,2022-03-22 16:10:14.670774
2022-03-26 15:00:00,Scotland,League One,Airdrieonians,Cove Rangers,2.74,3.38,2.3600000000000003,1.3933073,1.2786865,2022-03-22 16:10:14.670774
2022-03-26 15:00:00,Scotland,League One,Dumbarton,Montrose,3.44,3.49,1.97,1.1772656,1.4308667,2022-03-22 16:10:14.670774
2022-03-26 15:00:00,Scotland,League One,East Fife,Alloa,2.5,3.47,2.52,1.3111755,1.3957326,2022-03-22 16:10:14.670774
2022-03-26 15:00:00,Scotland,League One,Peterhead,Falkirk,2.73,3.39,2.3600000000000003,1.2625135,1.2868645,2022-03-22 16:10:14.670774
2022-03-26 15:00:00,Scotland,League One,Queen's Park,Clyde,1.5,4.09,5.73,1.9645989,0.81609374,2022-03-22 16:10:14.670774
2022-03-26 15:00:00,Scotland,League Two,Annan,Albion Rovers,1.85,3.67,3.69,1.7890708,1.0820918,2022-03-22 16:10:14.670774
2022-03-26 15:00:00,Scotland,League Two,Elgin City,Edinburgh City,2.44,3.38,2.66,1.3867911,1.254888,2022-03-22 16:10:14.670774
2022-03-26 15:00:00,Scotland,League Two,Forfar Athletic,Cowdenbeath,1.53,4.029999999999999,5.49,1.9452873,0.90015966,2022-03-22 16:10:14.670774
2022-03-26 15:00:00,Scotland,League Two,Kelty Hearts,Stenhousemuir,1.46,4.27,5.96,2.0362742,0.899119,2022-03-22 16:10:14.670774
2022-03-26 15:00:00,Scotland,League Two,Stirling,Stranraer,2.22,3.46,2.9,1.5298128,1.5058155,2022-03-22 16:10:14.670774
2022-03-26 15:00:00,Spain,LaLiga2,Eibar,Lugo,1.71,3.41,5.54,1.4462584,0.8083739,2022-03-22 16:10:14.670774
2022-03-26 15:30:00,Netherlands,Eerste Divisie,Den Bosch,Venlo,2.33,3.7,2.7,1.4969864,1.4076831,2022-03-22 16:10:14.670774
2022-03-26 15:30:00,Spain,Primera Division Women,Alaves W,Rayo Vallecano W,2.05,3.62,3.15,1.7927995,1.261734,2022-03-22 16:10:14.670774
2022-03-26 16:00:00,Poland,III Liga - Group I,Polonia Warszawa,Jagiellonia II,1.51,4.140000000000001,5.3,1.9811888,0.9557649,2022-03-22 16:10:14.670774
2022-03-26 16:00:00,Poland,III Liga - Group I,Bron Radom,Legia II,3.68,3.73,1.82,1.1469907,1.8119829,2022-03-22 16:10:14.670774
2022-03-26 16:00:00,Poland,III Liga - Group IV,S. Wola,Biala Podlaska,1.36,4.6,7.22,2.111431,0.8187092,2022-03-22 16:10:14.670774
2022-03-26 16:00:00,Spain,Primera Division Women,Villarreal W,Athletic Bilbao W,3.17,4.04,1.88,1.3265799,1.9000305,2022-03-22 16:10:14.670774
2022-03-26 17:00:00,Spain,LaLiga2,Gijon,Cartagena,2.14,3.25,3.5,1.350988,0.963663,2022-03-22 16:10:14.670774
2022-03-26 17:00:00,World,Friendly International,Ireland,Belgium,6.7,3.83,1.55,0.7684552,1.6339451,2022-03-22 16:10:14.670774
2022-03-26 17:30:00,World,Friendly International,England,Switzerland,1.78,3.36,5.25,1.365504,0.67951745,2022-03-22 16:10:14.670774
2022-03-26 17:30:00,World,Friendly International,Qatar,Bulgaria,1.85,3.53,3.99,1.6354669,0.91278195,2022-03-22 16:10:14.670774
2022-03-26 17:45:00,Netherlands,Eerste Divisie,Excelsior,Helmond,1.35,5.06,7.47,2.4386926,0.9385054,2022-03-22 16:10:14.670774
2022-03-26 18:45:00,World,Friendly International,Spain,Albania,1.15,7.3,20.03,2.6918893,0.3620062,2022-03-22 16:10:14.670774
2022-03-26 19:45:00,World,Friendly International,Germany,Israel,1.1,9.06,26.6,3.021844,0.34453657,2022-03-22 16:10:14.670774
2022-03-26 19:45:00,World,Friendly International,Netherlands,Denmark,1.89,3.53,4.23,1.6579014,0.8987115,2022-03-22 16:10:14.670774
2022-03-26 20:30:00,Spain,LaLiga2,R. Oviedo,Fuenlabrada,1.82,3.19,5.03,1.3587583,0.75258964,2022-03-22 16:10:14.670774
2022-03-26 21:00:00,Paraguay,Primera Division,Sol de America,Olimpia Asuncion,2.98,3.31,2.29,1.1660638,1.3476245,2022-03-22 16:10:14.670774
2022-03-26 21:00:00,USA,MLS,Charlotte,FC Cincinnati,1.88,3.67,3.95,1.82297,1.0924013,2022-03-22 16:10:14.670774
2022-03-26 23:00:00,Mexico,Liga MX,U.N.A.M.- Pumas,Mazatlan FC,1.65,3.81,5.36,1.8265209,0.8005357,2022-03-22 16:10:14.670774
2022-03-26 23:00:00,USA,MLS,Sporting Kansas City,Real Salt Lake,1.75,3.73,4.57,1.7176281,0.9144025,2022-03-22 16:10:14.670774
2022-03-27 04:00:00,Australia,NPL Victoria,Heidelberg Utd,Altona Magic,1.78,3.83,3.99,1.9644585,1.1278055,2022-03-22 16:10:14.670774
2022-03-27 04:30:00,South Korea,K League 2,Seoul E.,Anyang,2.6100000000000003,3.04,2.7,0.9645171,1.0379157,2022-03-22 16:10:14.670774
2022-03-27 05:00:00,South Korea,K League 1,Ulsan Hyundai,Pohang,2.17,3.21,3.43,1.3059183,1.0675746,2022-03-22 16:10:14.670774
2022-03-27 05:05:00,Australia,A-League Women,Sydney W,Melbourne Victory W,1.63,3.97,4.44,1.8771536,1.4043611,2022-03-22 16:10:14.670774
2022-03-27 07:00:00,Australia,NPL Victoria,St Albans,Melbourne Knights,3.14,3.58,2.09,1.3669623,1.7458813,2022-03-22 16:10:14.670774
2022-03-27 07:00:00,South Korea,K League 2,Busan,Gimpo FC,2.37,3.06,2.99,1.157474,1.2682164,2022-03-22 16:10:14.670774
2022-03-27 08:05:00,Australia,A-League,Melbourne Victory,WS Wanderers,1.8,3.86,4.109999999999999,1.9962392,1.056557,2022-03-22 16:10:14.670774
2022-03-27 10:00:00,Poland,III Liga - Group I,Pelikan,Biala Piska,2.13,3.55,2.97,1.5630995,1.315216,2022-03-22 16:10:14.670774
2022-03-27 10:00:00,Spain,Primera Division Women,Huelva W,Real Sociedad W,3.97,4.0600000000000005,1.6800000000000002,1.1074404,1.7701474,2022-03-22 16:10:14.670774
2022-03-27 11:00:00,Poland,III Liga - Group IV,Tomasovia T. L.,Sokol Sieniawa,2.8,3.45,2.28,1.1983757,1.4200746,2022-03-22 16:10:14.670774
2022-03-27 11:00:00,Spain,Primera Division Women,Granadilla Tenerife W,Betis W,1.66,3.71,4.529999999999999,1.8056505,0.9592954,2022-03-22 16:10:14.670774
2022-03-27 11:45:00,Greece,Super League 2,Apollon Larissa,Karditsa,4.3,2.9,1.92,0.8367152,1.2814037,2022-03-22 16:10:14.670774
2022-03-27 11:45:00,Greece,Super League 2,PAOK B,Thesprotos,1.58,3.4,5.62,1.3027349,0.5389191,2022-03-22 16:10:14.670774
2022-03-27 11:45:00,Greece,Super League 2,Niki Volos,Almopos,1.47,3.83,6.07,1.877696,0.66115576,2022-03-22 16:10:14.670774
2022-03-27 11:45:00,Greece,Super League 2,Olympiacos Piraeus B,Apollon Pontou,1.63,3.36,5.13,1.2206743,0.5874224,2022-03-22 16:10:14.670774
2022-03-27 11:45:00,Greece,Super League 2,Asteras Vlachioti,Ergotelis,2.4,2.81,3.04,1.103443,0.93084884,2022-03-22 16:10:14.670774
2022-03-27 11:45:00,Greece,Super League 2,Irodotos,Rodos,1.82,2.81,5.13,1.1507403,0.5738786,2022-03-22 16:10:14.670774
2022-03-27 11:45:00,Greece,Super League 2,O.F. Ierapetra,AEK Athens FC B,1.98,2.9,3.83,1.1799383,1.0850642,2022-03-22 16:10:14.670774
2022-03-27 11:45:00,Greece,Super League 2,Kallithea,Kifisias,2.16,2.81,3.45,1.1694362,0.8043677,2022-03-22 16:10:14.670774
2022-03-27 11:45:00,Greece,Super League 2,Diagoras,Karaiskakis,2.13,2.83,3.7,1.1199477,0.7472574,2022-03-22 16:10:14.670774
2022-03-27 11:45:00,Greece,Super League 2,PAE Chania,Panathinaikos B,1.38,3.97,7.94,1.7285702,0.53046817,2022-03-22 16:10:14.670774
2022-03-27 11:45:00,Greece,Super League 2,O. Volos,Kavala,2.16,3.2,3.17,1.2694373,0.9800224,2022-03-22 16:10:14.670774
2022-03-27 11:45:00,Greece,Super League 2,Zakynthos,Kalamata,5.91,3.57,1.51,0.8293294,1.8715397,2022-03-22 16:10:14.670774
2022-03-27 12:00:00,Belgium,Super League Women,Club Brugge W,St. Liege W,2.37,3.45,2.52,1.4638035,1.3589487,2022-03-22 16:10:14.670774
2022-03-27 12:00:00,Germany,Regionalliga West,Alemannia Aachen,Rodinghausen,2.55,3.4,2.39,1.3409188,1.2048461,2022-03-22 16:10:14.670774
2022-03-27 12:00:00,Poland,Ekstraliga Women,Gdansk W,Bydgoszcz W,2.28,3.8,2.52,1.5643111,1.3916646,2022-03-22 16:10:14.670774
2022-03-27 12:00:00,Spain,LaLiga2,Mirandes,Ponferradina,2.39,3.17,3.08,1.2515775,1.0392444,2022-03-22 16:10:14.670774
2022-03-27 12:30:00,Netherlands,Eerste Divisie,Maastricht,Almere City,4.42,4.02,1.6800000000000002,1.3562531,1.8362049,2022-03-22 16:10:14.670774
2022-03-27 13:00:00,Poland,III Liga - Group IV,Sandomierz,Wisloka Debica,3.05,3.55,2.13,1.1282499,1.588742,2022-03-22 16:10:14.670774
2022-03-27 13:15:00,Poland,Division 2,Stezyca,S. Rzeszow,3.42,3.42,1.97,1.3322842,1.4818012,2022-03-22 16:10:14.670774
2022-03-27 14:00:00,Greece,Super League 2,Panserraikos,Veria,8.77,4.7,1.29,0.66505533,1.8408409,2022-03-22 16:10:14.670774
2022-03-27 14:00:00,Poland,III Liga - Group I,Szczuczyn,Ursus Warszawa,3.78,3.83,1.84,1.0511773,1.6074238,2022-03-22 16:10:14.670774
2022-03-27 14:00:00,Spain,LaLiga2,Burgos CF,Tenerife,3.24,2.88,2.48,0.9639588,1.2007709,2022-03-22 16:10:14.670774
2022-03-27 14:45:00,Netherlands,Eerste Divisie,FC Emmen,Telstar,1.39,4.640000000000001,7.51,2.2354372,0.864146,2022-03-22 16:10:14.670774
2022-03-27 15:00:00,Chile,Primera Division,U. De Chile,U. Espanola,2.7,3.3,2.48,1.2556678,1.3795894,2022-03-22 16:10:14.670774
2022-03-27 16:00:00,Belgium,Super League Women,Leuven W,Genk W,1.47,4.4,4.87,2.0387888,1.0066161,2022-03-22 16:10:14.670774
2022-03-27 16:00:00,Poland,Division 2,Ruch Chorzow,KKS Kalisz,1.97,3.43,3.44,1.6376299,1.1228132,2022-03-22 16:10:14.670774
2022-03-27 16:15:00,Spain,LaLiga2,Alcorcon,Valladolid,4.29,3.38,1.89,0.9043041,1.58342,2022-03-22 16:10:14.670774
2022-03-27 16:15:00,Spain,LaLiga2,Malaga,Huesca,2.5700000000000003,3.13,2.85,1.1449063,1.1074295,2022-03-22 16:10:14.670774
2022-03-27 19:00:00,Brazil,Campeonato Carioca,Fluminense,Botafogo RJ,1.69,3.2,5.05,1.4379485,0.8402268,2022-03-22 16:10:14.670774
2022-03-27 19:00:00,Spain,LaLiga2,Almeria,Girona,1.83,3.5,4.43,1.6868538,0.88727534,2022-03-22 16:10:14.670774
2022-03-27 20:00:00,USA,MLS,Portland Timbers,Orlando City,2.02,3.44,3.67,1.5014161,0.99949133,2022-03-22 16:10:14.670774
2022-03-28 16:30:00,France,National,Bourg en Bresse,Laval,2.27,3.22,3.03,1.5242667,1.1061894,2022-03-22 16:10:14.670774
2022-03-28 19:00:00,Spain,LaLiga2,Las Palmas,Leganes,2.19,3.13,3.54,1.2429367,0.9676541,2022-03-22 16:10:14.670774
