index,match_datetime,country,league,home_team,away_team,predicted_home_score,predicted_away_score,run_time,predicted_total_score,predicted_score_difference,selection,predicted_result
0,2022-02-07 08:15:00,Indonesia,Liga 1,Borneo,Persikabo 1973,1.7788281,0.96950376,2022-02-07 17:42:17.412909,2.74833186,0.8093243399999999,N,Home
1,2022-02-07 09:00:00,Bangladesh,Premier League,Baridhara,Bashundara Kings,0.52443516,2.2041433,2022-02-07 17:42:17.412909,2.72857846,1.6797081400000002,DNB,Away
2,2022-02-07 11:00:00,Portugal,Liga Revelacao U23,Sporting U23,Belenenses U23,1.3773025,1.0695934,2022-02-07 17:42:17.412909,2.4468959000000003,0.30770910000000007,N,Home
3,2022-02-07 12:00:00,Azerbaijan,Premier League,Keshla,Zira,0.9653768,1.0523516,2022-02-07 17:42:17.412909,2.0177284,0.08697479999999991,U 4.5,Away
4,2022-02-07 12:00:00,England,Premier League 2,Tottenham U23,Crystal Palace U23,1.7566553,1.4492961,2022-02-07 17:42:17.412909,3.2059514,0.30735920000000005,N,Home
5,2022-02-07 12:00:00,Israel,Liga Alef North,Maccabi Tamra,Shapira,1.7807683,0.6844188,2022-02-07 17:42:17.412909,2.4651871,1.0963495,N,Home
6,2022-02-07 12:00:00,Kosovo,Kosovar Cup,Ferizaj,KF Llapi,1.118424,1.7365063,2022-02-07 17:42:17.412909,2.8549303000000004,0.6180823,N,Away
7,2022-02-07 12:40:00,Saudi Arabia,Division 1,Al-Shoalah,Najran,1.4930727,0.8421836,2022-02-07 17:42:17.412909,2.3352563,0.6508890999999999,N,Home
8,2022-02-07 13:00:00,England,Professional Development League,Peterborough U23,Coventry U23,1.692149,1.7781892,2022-02-07 17:42:17.412909,3.4703381999999996,0.08604020000000001,N,Away
9,2022-02-07 13:00:00,England,Professional Development League,Charlton U23,Swansea U23,1.903723,1.3091973,2022-02-07 17:42:17.412909,3.2129203,0.5945257000000002,N,Home
10,2022-02-07 13:00:00,Uganda,Premier League,Bright Stars,Express,0.98400646,1.0667518,2022-02-07 17:42:17.412909,2.0507582600000003,0.08274534,N,Away
11,2022-02-07 13:10:00,Saudi Arabia,Division 1,Bisha,Al-Nahda,1.295561,1.1232195,2022-02-07 17:42:17.412909,2.4187805,0.17234149999999993,N,Home
12,2022-02-07 13:30:00,Indonesia,Liga 1,Bali United,PSM Makassar,1.4335465,0.82935715,2022-02-07 17:42:17.412909,2.26290365,0.6041893500000001,N,Home
13,2022-02-07 13:30:00,Italy,Primavera 1,Sassuolo U19,Atalanta U19,1.475335,1.421169,2022-02-07 17:42:17.412909,2.896504,0.05416600000000016,N,Home
14,2022-02-07 14:00:00,India,ISL,East Bengal,Odisha,1.5161268,1.576044,2022-02-07 17:42:17.412909,3.0921708,0.05991719999999989,N,Away
15,2022-02-07 15:00:00,Azerbaijan,Premier League,Neftci Baku,Qarabag,0.8337033,1.6136423,2022-02-07 17:42:17.412909,2.4473456000000002,0.7799389999999999,N,Away
16,2022-02-07 15:00:00,Ghana,Premier League,Elmina Sharks,Asante Kotoko,0.612288,1.80299,2022-02-07 17:42:17.412909,2.4152780000000003,1.190702,N,Away
17,2022-02-07 15:00:00,Mexico,Liga MX U20,Club Leon U20,Cruz Azul U20,1.5558138,1.1166006,2022-02-07 17:42:17.412909,2.6724144,0.43921319999999997,N,Home
18,2022-02-07 15:00:00,Portugal,Liga Revelacao U23,Rio Ave U23,Leixoes U23,1.0383565,1.5452888,2022-02-07 17:42:17.412909,2.5836452999999997,0.5069323000000001,N,Away
19,2022-02-07 15:05:00,Saudi Arabia,Division 1,Al Adalh,Al Jabalain,1.0728065,1.2440679,2022-02-07 17:42:17.412909,2.3168743999999997,0.1712613999999999,N,Away
20,2022-02-07 15:30:00,Portugal,Liga Portugal 2,FC Porto B,Covilha,1.5997998,1.0125072,2022-02-07 17:42:17.412909,2.612307,0.5872926,N,Home
21,2022-02-07 16:00:00,Algeria,Ligue 1,ASO Chlef,Constantine,1.389709,1.2672784,2022-02-07 17:42:17.412909,2.6569874,0.12243060000000017,N,Home
22,2022-02-07 16:00:00,Cyprus,First Division,Omonia,Achnas,2.0580397,0.66551024,2022-02-07 17:42:17.412909,2.7235499400000003,1.39252946,N,Home
23,2022-02-07 16:00:00,Mauritania,Ligue 1,Police,Nouadhibou,0.56018126,2.2243366,2022-02-07 17:42:17.412909,2.7845178600000002,1.66415534,W,Away
24,2022-02-07 17:00:00,Algeria,Ligue 1,USM Alger,ES Setif,1.3771269,0.81975293,2022-02-07 17:42:17.412909,2.19687983,0.5573739699999999,N,Home
25,2022-02-07 17:00:00,Cyprus,First Division,Doxa,Apollon,0.685519,1.8163168,2022-02-07 17:42:17.412909,2.5018358000000003,1.1307978,N,Away
26,2022-02-07 17:00:00,Israel,Leumit League,Hapoel Kfar Saba,MS Kafr Qasim,1.1458236,0.9629502,2022-02-07 17:42:17.412909,2.1087738,0.18287339999999996,N,Home
27,2022-02-07 17:00:00,Israel,Leumit League,Bnei Yehuda,Agudat Sport Ashdod,1.6331547,0.85156775,2022-02-07 17:42:17.412909,2.48472245,0.78158695,N,Home
28,2022-02-07 17:00:00,Israel,Leumit League,Hapoel Petah Tikva,M. Nazareth,1.4134425,0.90808964,2022-02-07 17:42:17.412909,2.32153214,0.5053528599999999,N,Home
29,2022-02-07 17:00:00,Israel,Liga Alef South,Maccabi Jaffa,H. Marmorek,1.357563,1.0500854,2022-02-07 17:42:17.412909,2.4076484000000002,0.30747760000000013,N,Home
30,2022-02-07 17:00:00,Poland,Ekstraklasa,Radomiak Radom,Wisla Plock,1.5882516,0.76561207,2022-02-07 17:42:17.412909,2.35386367,0.82263953,N,Home
31,2022-02-07 17:00:00,Portugal,Liga Portugal 2,Penafiel,Trofense,1.2176325,0.80263734,2022-02-07 17:42:17.412909,2.02026984,0.4149951599999999,U 4.5,Home
32,2022-02-07 17:00:00,Turkey,1. Lig,Kocaelispor,Boluspor,1.024121,1.576512,2022-02-07 17:42:17.412909,2.600633,0.5523909999999999,N,Away
33,2022-02-07 17:00:00,World,Club Friendly,Zhytomyr,Ch. Odessa,1.4086396,1.2339242,2022-02-07 17:42:17.412909,2.6425638,0.1747154000000002,N,Home
34,2022-02-07 17:30:00,South Africa,Premier League,Mamelodi Sundowns,Chippa Utd.,1.9118874,0.6005409,2022-02-07 17:42:17.412909,2.5124283,1.3113465,N,Home
35,2022-02-07 17:55:00,Romania,Liga 1,FC Botosani,Din. Bucuresti,2.004488,0.7213185,2022-02-07 17:42:17.412909,2.7258065,1.2831694999999999,W,Home
36,2022-02-07 18:00:00,Germany,3. Liga,Saarbrucken,Wurzburger Kickers,1.7558346,1.0935769,2022-02-07 17:42:17.412909,2.8494115,0.6622577000000001,N,Home
37,2022-02-07 18:00:00,Jamaica,Premier League,Molynes,Dunbeholden,1.0319899,1.5020707,2022-02-07 17:42:17.412909,2.5340606,0.4700808000000001,N,Away
38,2022-02-07 18:30:00,Belgium,Pro League U21,Charleroi U21,Anderlecht U21,1.2383358,2.496008,2022-02-07 17:42:17.412909,3.7343437999999995,1.2576721999999998,N,Away
39,2022-02-07 18:30:00,Belgium,Pro League U21,St. Truiden U21,Waregem U21,1.6997676,1.4562114,2022-02-07 17:42:17.412909,3.155979,0.2435562,N,Home
40,2022-02-07 18:30:00,Belgium,Pro League U21,Eupen U21,Waasland-Beveren U21,2.414388,1.1425334,2022-02-07 17:42:17.412909,3.5569214000000002,1.2718546000000002,N,Home
41,2022-02-07 18:30:00,Belgium,Pro League U21,Oostende U21,Lommel SK U21,2.873233,0.7303683,2022-02-07 17:42:17.412909,3.6036013,2.1428647,N,Home
42,2022-02-07 18:30:00,Brazil,Campeonato Carioca,Resende,Audax RJ,1.3289295,0.95717543,2022-02-07 17:42:17.412909,2.28610493,0.37175407000000005,N,Home
43,2022-02-07 18:30:00,Israel,Ligat ha'Al,Maccabi Haifa,Ashdod,2.3791811,0.66126394,2022-02-07 17:42:17.412909,3.04044504,1.7179171599999998,DNB,Home
44,2022-02-07 19:00:00,Belgium,Pro League U21,Leuven U21,Antwerp U21,2.3575733,1.0241035,2022-02-07 17:42:17.412909,3.3816768,1.3334697999999998,N,Home
45,2022-02-07 19:00:00,Belgium,Pro League U21,Mechelen U21,Cercle B. U21,1.3887106,1.7184932,2022-02-07 17:42:17.412909,3.1072037999999997,0.3297825999999999,N,Away
46,2022-02-07 19:00:00,Belgium,Pro League U21,Deinze U21,Lierse K. U21,1.8283203,1.3958503,2022-02-07 17:42:17.412909,3.2241706,0.4324699999999999,N,Home
47,2022-02-07 19:00:00,Belgium,Pro League U21,Seraing U21,Mouscron U21,1.3299514,1.8118324,2022-02-07 17:42:17.412909,3.1417838,0.481881,N,Away
48,2022-02-07 19:00:00,Belgium,Pro League U21,Royal Union SG U21,Beerschot VA U21,1.2642226,1.8113341,2022-02-07 17:42:17.412909,3.0755567,0.5471115,N,Away
49,2022-02-07 19:00:00,Belgium,Pro League U21,Virton U21,Kortrijk U21,2.638667,1.1493772,2022-02-07 17:42:17.412909,3.7880442,1.4892897999999999,N,Home
50,2022-02-07 19:00:00,England,Premier League 2,Derby U23,Manchester City U23,1.1442026,2.3017485,2022-02-07 17:42:17.412909,3.4459511000000003,1.1575459,N,Away
51,2022-02-07 19:00:00,England,Premier League 2,Leeds U23,Liverpool U23,1.475759,1.542908,2022-02-07 17:42:17.412909,3.0186669999999998,0.0671489999999999,N,Away
52,2022-02-07 19:00:00,England,Premier League 2,Burnley U23,Newcastle Utd U23,1.3241975,1.5465801,2022-02-07 17:42:17.412909,2.8707776,0.22238259999999999,N,Away
53,2022-02-07 19:00:00,England,Premier League 2,Nottingham U23,Aston Villa U23,1.4948584,1.5945365,2022-02-07 17:42:17.412909,3.0893949000000003,0.09967809999999999,N,Away
54,2022-02-07 19:00:00,England,Premier League 2,Reading U23,Stoke City U23,1.063537,2.106835,2022-02-07 17:42:17.412909,3.1703719999999995,1.0432979999999998,N,Away
55,2022-02-07 19:00:00,England,Premier League 2,West Brom U23,Southampton U23,1.5982627,1.4539517,2022-02-07 17:42:17.412909,3.0522144,0.14431100000000008,N,Home
56,2022-02-07 19:00:00,England,Premier League 2,Wolves U23,Birmingham U23,1.6979353,1.4899849,2022-02-07 17:42:17.412909,3.1879201999999998,0.20795039999999987,N,Home
57,2022-02-07 19:00:00,Hungary,Merkantil Bank Liga,Haladas,Nyiregyhaza,1.4635204,0.9086212,2022-02-07 17:42:17.412909,2.3721416,0.5548991999999999,N,Home
58,2022-02-07 19:00:00,Netherlands,Eerste Divisie,Eindhoven FC,Excelsior,1.5688157,1.4659046,2022-02-07 17:42:17.412909,3.0347203,0.10291110000000003,N,Home
59,2022-02-07 19:00:00,Netherlands,Eerste Divisie,Jong Ajax,Jong PSV,1.9691908,1.2311943,2022-02-07 17:42:17.412909,3.2003851,0.7379964999999999,N,Home
60,2022-02-07 19:00:00,Netherlands,Eerste Divisie,Roda,FC Volendam,1.7128237,1.3751273,2022-02-07 17:42:17.412909,3.087951,0.3376964,N,Home
61,2022-02-07 19:00:00,Netherlands,Eerste Divisie,Jong Utrecht,Helmond,1.7265418,1.4802693,2022-02-07 17:42:17.412909,3.2068111,0.2462724999999999,N,Home
62,2022-02-07 19:00:00,Portugal,Liga Portugal,Tondela,Benfica,0.5646186,1.9319266,2022-02-07 17:42:17.412909,2.4965452,1.367308,N,Away
63,2022-02-07 19:30:00,Belgium,Pro League U21,RWDM U21,Westerlo U21,1.7292652,1.3785888,2022-02-07 17:42:17.412909,3.1078539999999997,0.3506764,N,Home
64,2022-02-07 19:45:00,France,Ligue 2,Paris FC,AC Ajaccio,1.4399799,1.057825,2022-02-07 17:42:17.412909,2.4978049,0.38215489999999996,N,Home
65,2022-02-07 19:45:00,France,National,Concarneau,Villefranche,1.2539647,0.7620966,2022-02-07 17:42:17.412909,2.0160613,0.49186810000000003,U 4.5,Home
66,2022-02-07 19:45:00,Italy,Serie A,Salernitana,Spezia,1.3119583,1.4222143,2022-02-07 17:42:17.412909,2.7341726,0.11025600000000013,N,Away
67,2022-02-07 20:00:00,Italy,Serie C - Group B,Modena,Cesena,1.3550807,0.8817175,2022-02-07 17:42:17.412909,2.2367982,0.4733632,N,Home
68,2022-02-07 20:00:00,Spain,LaLiga,Ath Bilbao,Espanyol,1.6625102,0.77892214,2022-02-07 17:42:17.412909,2.44143234,0.88358806,N,Home
69,2022-02-07 20:00:00,Uruguay,Primera Division,River Plate,Wanderers,1.2280357,1.4842019,2022-02-07 17:42:17.412909,2.7122376,0.2561662,N,Away
70,2022-02-07 20:15:00,Jamaica,Premier League,Humble Lions,Cavalier,0.7465315,1.3831565,2022-02-07 17:42:17.412909,2.129688,0.6366249999999999,U 4.5,Away
71,2022-02-07 21:00:00,Chile,Primera Division,A. Italiano,Nublense,1.799757,1.2953696,2022-02-07 17:42:17.412909,3.0951266,0.5043874000000002,N,Home
72,2022-02-07 21:05:00,Colombia,Primera A,Petrolera,Jaguares de Cordoba,1.2034262,1.1018077,2022-02-07 17:42:17.412909,2.3052339,0.10161850000000006,N,Home
73,2022-02-07 21:15:00,Portugal,Liga Portugal,Moreirense,Belenenses,1.4921079,0.873327,2022-02-07 17:42:17.412909,2.3654349,0.6187809,N,Home
74,2022-02-07 22:00:00,Mexico,Liga Premier Serie A,Reboceros de La Piedad,Lobos ULMX,2.2075284,0.9855479,2022-02-07 17:42:17.412909,3.1930763000000004,1.2219805000000001,N,Home
75,2022-02-07 23:00:00,Brazil,Campeonato Capixaba,Estrela do Norte,Serra,1.4312502,1.2359219,2022-02-07 17:42:17.412909,2.6671721,0.19532830000000012,N,Home
76,2022-02-07 23:00:00,Brazil,Campeonato Carioca,Botafogo RJ,Nova Iguacu,1.8994806,0.75868016,2022-02-07 17:42:17.412909,2.65816076,1.14080044,N,Home
77,2022-02-07 23:00:00,Mexico,Liga MX Women,Necaxa W,Atlas W,0.60757506,1.9911014,2022-02-07 17:42:17.412909,2.59867646,1.38352634,N,Away
78,2022-02-07 23:00:00,Mexico,Liga MX Women,Pachuca W,Juarez W,2.704009,0.5077951,2022-02-07 17:42:17.412909,3.2118041,2.1962139,DNB,Home
79,2022-02-07 23:10:00,Colombia,Primera A,Junior,Aguilas,1.868483,0.7704653,2022-02-07 17:42:17.412909,2.6389483,1.0980176999999998,N,Home
80,2022-02-07 23:15:00,Brazil,Campeonato Sergipano,Confianca,Atletico Gloriense,2.290974,0.68409777,2022-02-07 17:42:17.412909,2.97507177,1.6068762299999997,N,Home
81,2022-02-07 23:30:00,Chile,Primera Division,Curico Unido,Huachipato,1.3473642,1.1311641,2022-02-07 17:42:17.412909,2.4785283,0.2162001,N,Home
82,2022-02-08 01:00:00,Mexico,Liga MX Women,Monterrey W,U.N.A.M.- Pumas W,2.6048915,0.72484714,2022-02-07 17:42:17.412909,3.32973864,1.8800443599999999,N,Home
83,2022-02-08 01:00:00,Mexico,Liga MX Women,Santos Laguna W,Club Leon W,2.103517,0.79954016,2022-02-07 17:42:17.412909,2.9030571600000004,1.30397684,N,Home
84,2022-02-08 01:15:00,Colombia,Primera A,America De Cali,Santa Fe,1.1461313,1.1864804,2022-02-07 17:42:17.412909,2.3326117,0.04034910000000003,N,Away
85,2022-02-08 03:05:00,Mexico,Liga MX,Club Leon,Cruz Azul,1.2352897,1.0022669,2022-02-07 17:42:17.412909,2.2375566,0.23302280000000009,N,Home
86,2022-02-08 09:05:00,Australia,A-League,Newcastle Jets,Melbourne City,1.3486732,1.9221234,2022-02-07 17:42:17.412909,3.2707965999999997,0.5734502000000001,N,Away
87,2022-02-08 10:00:00,Finland,Liiga Cup,Honka,Haka,1.2646424,0.9731664,2022-02-07 17:42:17.412909,2.2378088,0.29147600000000007,U 4.5,Home
88,2022-02-08 11:30:00,Turkey,Turkish Cup,Kasimpasa,Gaziantep,1.4804324,1.1032995,2022-02-07 17:42:17.412909,2.5837319,0.3771328999999999,N,Home
89,2022-02-08 12:25:00,Saudi Arabia,Division 1,Al Khaleej,Al-Kawkab,1.4552269,0.9339365,2022-02-07 17:42:17.412909,2.3891634,0.5212904,N,Home
90,2022-02-08 12:30:00,Saudi Arabia,Division 1,Hajer,Al Ain,1.3973682,0.9183321,2022-02-07 17:42:17.412909,2.3157003,0.4790361000000001,N,Home
91,2022-02-08 13:00:00,Azerbaijan,Premier League,Sabah Baku,Gabala,1.1707094,1.0225015,2022-02-07 17:42:17.412909,2.1932109,0.14820790000000006,N,Home
92,2022-02-08 13:00:00,England,Professional Development League,Watford U23,Colchester U23,1.7156172,1.4021844,2022-02-07 17:42:17.412909,3.1178016,0.31343279999999996,N,Home
93,2022-02-08 13:00:00,England,Professional Development League,Cardiff U23,QPR U23,2.3540504,1.0329959,2022-02-07 17:42:17.412909,3.3870463,1.3210545000000002,N,Home
94,2022-02-08 13:00:00,Romania,Liga 1,Sepsi Sf. Gheorghe,Gaz Metan Medias,1.5437384,0.6013609,2022-02-07 17:42:17.412909,2.1450993,0.9423775000000001,N,Home
95,2022-02-08 13:00:00,Saudi Arabia,Division 1,Al Akhdoud,Al Kholood,1.303619,0.8426938,2022-02-07 17:42:17.412909,2.1463128,0.46092520000000003,N,Home
96,2022-02-08 13:00:00,Uganda,Premier League,Tooro United,Onduparaka FC,0.76811445,1.3880063,2022-02-07 17:42:17.412909,2.15612075,0.61989185,N,Away
97,2022-02-08 13:00:00,Uganda,Premier League,Busoga,Mbarara City,0.8034056,1.3113178,2022-02-07 17:42:17.412909,2.1147234,0.5079122,N,Away
98,2022-02-08 13:30:00,England,Professional Development League,Millwall U23,Ipswich U23,1.3548272,1.4447236,2022-02-07 17:42:17.412909,2.7995508,0.08989640000000021,N,Away
99,2022-02-08 14:00:00,India,ISL,Hyderabad,ATK Mohun Bagan,1.4730905,1.3086187,2022-02-07 17:42:17.412909,2.7817092,0.16447180000000006,N,Home
100,2022-02-08 14:30:00,Turkey,Turkish Cup,Karagumruk,Konyaspor,1.3825257,1.2878764,2022-02-07 17:42:17.412909,2.6704021,0.09464929999999994,N,Home
101,2022-02-08 15:15:00,Azerbaijan,Premier League,Sabail,Sumqayit,0.36272454,1.285107,2022-02-07 17:42:17.412909,1.6478315399999999,0.92238246,U 4.5,Away
102,2022-02-08 15:30:00,Portugal,Liga Portugal 2,Varzim,Nacional,1.1011031,1.4854778,2022-02-07 17:42:17.412909,2.5865809,0.38437469999999996,N,Away
103,2022-02-08 15:30:00,Romania,Liga 1,CFR Cluj,UTA Arad,1.7812029,0.59434897,2022-02-07 17:42:17.412909,2.37555187,1.18685393,W,Home
104,2022-02-08 15:55:00,Saudi Arabia,Division 1,Al Wehda,Al Jeel,1.6008096,0.857715,2022-02-07 17:42:17.412909,2.4585246,0.7430946,N,Home
105,2022-02-08 16:30:00,World,FIFA Club World Cup,Palmeiras,Al Ahly,2.2525446,1.0396645,2022-02-07 17:42:17.412909,3.2922091,1.2128800999999998,N,Home
106,2022-02-08 17:00:00,World,Club Friendly,Metalist Kharkiv,Veres-Rivne,1.8221176,1.2237426,2022-02-07 17:42:17.412909,3.0458602,0.5983749999999999,N,Home
107,2022-02-08 17:30:00,France,Division 1 Women,Dijon W,Fleury 91 W,1.261326,1.5562043,2022-02-07 17:42:17.412909,2.8175303,0.29487830000000015,N,Away
108,2022-02-08 17:30:00,Germany,2. Bundesliga,Karlsruher SC,Sandhausen,1.612459,1.18122,2022-02-07 17:42:17.412909,2.793679,0.43123900000000015,N,Home
109,2022-02-08 17:30:00,Turkey,Turkish Cup,Fenerbahce,Kayserispor,1.9062308,0.9441559,2022-02-07 17:42:17.412909,2.8503867,0.9620748999999998,N,Home
110,2022-02-08 17:55:00,Romania,Liga 1,FC Voluntari,FC Rapid Bucuresti,1.1856574,0.93609756,2022-02-07 17:42:17.412909,2.12175496,0.24955983999999998,N,Home
111,2022-02-08 18:00:00,Brazil,Campeonato Cearense,Atletico-CE,Iguatu,1.246304,0.9973624,2022-02-07 17:42:17.412909,2.2436664,0.2489416000000001,N,Home
112,2022-02-08 18:00:00,Germany,3. Liga,Hallescher,Turkgucu Munchen,1.5705765,1.2303048,2022-02-07 17:42:17.412909,2.8008813000000004,0.34027169999999995,N,Home
113,2022-02-08 18:00:00,Germany,3. Liga,Zwickau,Viktoria Koln,1.3116652,1.1264646,2022-02-07 17:42:17.412909,2.4381298,0.18520059999999994,N,Home
114,2022-02-08 18:00:00,Netherlands,KNVB Beker,PSV,Breda,3.0046628,0.6017215,2022-02-07 17:42:17.412909,3.6063843,2.4029413,N,Home
115,2022-02-08 18:00:00,Portugal,Liga Portugal 2,Feirense,SC Farense,1.2864565,1.0604476,2022-02-07 17:42:17.412909,2.3469040999999997,0.22600889999999985,N,Home
116,2022-02-08 19:00:00,France,National,Sete,Cholet,1.2815348,1.0508544,2022-02-07 17:42:17.412909,2.3323891999999997,0.2306804,N,Home
117,2022-02-08 19:00:00,Iceland,Reykjavik Cup,IR Reykjavik,Fjolnir,0.87599754,2.2437527,2022-02-07 17:42:17.412909,3.11975024,1.36775516,W & O 1.5,Away
118,2022-02-08 19:00:00,Switzerland,Swiss Cup,Yverdon,Lausanne,1.3066106,1.9960638,2022-02-07 17:42:17.412909,3.3026744,0.6894532,O 1.5,Away
119,2022-02-08 19:30:00,Europe,Atlantic Cup,Valerenga,Halmstad,1.6229429,0.83708036,2022-02-07 17:42:17.412909,2.46002326,0.78586254,N,Home
120,2022-02-08 19:45:00,England,Championship,Coventry,Blackpool,1.6685374,0.9615585,2022-02-07 17:42:17.412909,2.6300958999999997,0.7069789,N,Home
121,2022-02-08 19:45:00,England,Championship,Derby,Hull,1.284199,1.0372488,2022-02-07 17:42:17.412909,2.3214478,0.24695020000000012,N,Home
122,2022-02-08 19:45:00,England,Championship,Fulham,Millwall,2.3744636,0.8025088,2022-02-07 17:42:17.412909,3.1769724,1.5719547999999999,N,Home
123,2022-02-08 19:45:00,England,Championship,Luton,Barnsley,1.8672599,0.86814934,2022-02-07 17:42:17.412909,2.73540924,0.9991105600000001,N,Home
124,2022-02-08 19:45:00,England,Championship,Stoke,Swansea,1.3727963,1.0410737,2022-02-07 17:42:17.412909,2.41387,0.3317226,N,Home
125,2022-02-08 19:45:00,England,Isthmian League Premier Division,Folkestone,Bowers & Pitsea,2.3344853,1.0786054,2022-02-07 17:42:17.412909,3.4130906999999997,1.2558798999999998,N,Home
126,2022-02-08 19:45:00,England,Isthmian League Premier Division,Potters Bar,Bishop's Stortford,1.1873919,1.9447789,2022-02-07 17:42:17.412909,3.1321708,0.757387,N,Away
127,2022-02-08 19:45:00,England,Isthmian League Premier Division,Leatherhead,Margate,1.1042026,1.7628088,2022-02-07 17:42:17.412909,2.8670114,0.6586061999999999,N,Away
128,2022-02-08 19:45:00,England,League One,Accrington,Oxford Utd,1.1895927,1.3894289,2022-02-07 17:42:17.412909,2.5790216,0.19983620000000002,N,Away
129,2022-02-08 19:45:00,England,League One,AFC Wimbledon,Rotherham,0.829991,1.9772848,2022-02-07 17:42:17.412909,2.8072758,1.1472938,N,Away
130,2022-02-08 19:45:00,England,League One,Cheltenham,Sunderland,1.0095878,1.5390314,2022-02-07 17:42:17.412909,2.5486192,0.5294436,N,Away
131,2022-02-08 19:45:00,England,League One,Crewe,Plymouth,1.0492802,1.5275123,2022-02-07 17:42:17.412909,2.5767925,0.4782320999999998,N,Away
132,2022-02-08 19:45:00,England,League One,Doncaster,Ipswich,1.0723188,1.7326025,2022-02-07 17:42:17.412909,2.8049213,0.6602837000000001,N,Away
133,2022-02-08 19:45:00,England,League One,Fleetwood,MK Dons,1.1740416,1.4807882,2022-02-07 17:42:17.412909,2.6548298,0.3067466000000001,N,Away
134,2022-02-08 19:45:00,England,League One,Gillingham,Cambridge Utd,1.1557078,1.2122543,2022-02-07 17:42:17.412909,2.3679620999999997,0.05654649999999983,N,Away
135,2022-02-08 19:45:00,England,League One,Lincoln,Morecambe,1.6662153,0.9670759,2022-02-07 17:42:17.412909,2.6332912,0.6991394,N,Home
136,2022-02-08 19:45:00,England,League One,Portsmouth,Burton,1.5208045,1.0172375,2022-02-07 17:42:17.412909,2.538042,0.5035669999999999,N,Home
137,2022-02-08 19:45:00,England,League One,Sheffield Wed,Wigan,1.3877051,1.1449138,2022-02-07 17:42:17.412909,2.5326189,0.24279129999999993,N,Home
138,2022-02-08 19:45:00,England,League One,Wycombe,Shrewsbury,1.6228745,1.0746421,2022-02-07 17:42:17.412909,2.6975166,0.5482324000000001,N,Home
139,2022-02-08 19:45:00,England,League Two,Carlisle,Port Vale,1.30325,1.2467877,2022-02-07 17:42:17.412909,2.5500377,0.056462299999999965,N,Home
140,2022-02-08 19:45:00,England,League Two,Exeter,Leyton Orient,1.4417989,1.0236131,2022-02-07 17:42:17.412909,2.4654119999999997,0.41818580000000005,N,Home
141,2022-02-08 19:45:00,England,League Two,Forest Green,Rochdale,1.6850548,0.9545499,2022-02-07 17:42:17.412909,2.6396047,0.7305049000000001,N,Home
142,2022-02-08 19:45:00,England,League Two,Harrogate,Crawley,1.4193347,1.0517727,2022-02-07 17:42:17.412909,2.4711074,0.36756200000000017,N,Home
143,2022-02-08 19:45:00,England,League Two,Hartlepool,Barrow,1.2615584,1.0274001,2022-02-07 17:42:17.412909,2.2889584999999997,0.23415830000000004,U 4.5,Home
144,2022-02-08 19:45:00,England,League Two,Mansfield,Colchester,1.672657,1.0140678,2022-02-07 17:42:17.412909,2.6867248000000004,0.6585892,N,Home
145,2022-02-08 19:45:00,England,League Two,Oldham,Bristol Rovers,1.0467128,1.1533202,2022-02-07 17:42:17.412909,2.2000330000000003,0.10660739999999991,U 4.5,Away
146,2022-02-08 19:45:00,England,League Two,Sutton,Salford,1.3543613,0.8746678,2022-02-07 17:42:17.412909,2.2290291,0.4796935000000001,U 4.5,Home
147,2022-02-08 19:45:00,England,League Two,Scunthorpe,Walsall,1.018295,1.3673027,2022-02-07 17:42:17.412909,2.3855977,0.34900770000000003,N,Away
148,2022-02-08 19:45:00,England,League Two,Stevenage,Bradford City,1.1888255,1.0882626,2022-02-07 17:42:17.412909,2.2770881000000003,0.10056290000000012,U 4.5,Home
149,2022-02-08 19:45:00,England,League Two,Tranmere,Swindon,1.4071338,1.1194416,2022-02-07 17:42:17.412909,2.5265754,0.28769219999999995,N,Home
150,2022-02-08 19:45:00,England,League Two,Northampton,Newport,1.214767,1.047337,2022-02-07 17:42:17.412909,2.262104,0.16742999999999997,U 4.5,Home
151,2022-02-08 19:45:00,England,National League,Grimsby,Kingâ€™s Lynn,2.3805087,0.6659832,2022-02-07 17:42:17.412909,3.0464919,1.7145255000000001,N,Home
152,2022-02-08 19:45:00,England,National League,Southend,Bromley,1.2030944,1.3314126,2022-02-07 17:42:17.412909,2.5345069999999996,0.12831820000000005,N,Away
153,2022-02-08 19:45:00,England,National League,Stockport,Chesterfield,1.7204645,1.1687222,2022-02-07 17:42:17.412909,2.8891866999999998,0.5517423000000001,N,Home
154,2022-02-08 19:45:00,England,National League,Wealdstone,Yeovil,1.1760426,1.7591578,2022-02-07 17:42:17.412909,2.9352004000000003,0.5831152000000002,N,Away
155,2022-02-08 19:45:00,England,National League,Notts Co,Barnet,1.8271346,0.91190034,2022-02-07 17:42:17.412909,2.73903494,0.91523426,N,Home
156,2022-02-08 19:45:00,England,National League North,Gateshead,Blyth,2.5163703,0.70918465,2022-02-07 17:42:17.412909,3.2255549500000003,1.80718565,N,Home
157,2022-02-08 19:45:00,England,National League North,AFC Telford,Southport,1.1976376,1.4500676,2022-02-07 17:42:17.412909,2.6477052,0.25242999999999993,N,Away
158,2022-02-08 19:45:00,England,National League North,Alfreton,Kettering,1.5189035,1.4485319,2022-02-07 17:42:17.412909,2.9674354000000003,0.07037159999999987,N,Home
159,2022-02-08 19:45:00,England,National League North,Chorley,Spennymoor,1.8253286,1.0805519,2022-02-07 17:42:17.412909,2.9058805,0.7447767000000001,N,Home
160,2022-02-08 19:45:00,England,National League South,Braintree,Chelmsford,1.4101698,1.4058856,2022-02-07 17:42:17.412909,2.8160553999999998,0.004284200000000071,N,Home
161,2022-02-08 19:45:00,England,National League South,Ebbsfleet,St. Albans,1.8595805,1.0721349,2022-02-07 17:42:17.412909,2.9317154,0.7874456000000001,N,Home
162,2022-02-08 19:45:00,England,National League South,Slough,Dulwich Hamlet,1.3683298,1.3406457,2022-02-07 17:42:17.412909,2.7089755,0.027684099999999878,N,Home
163,2022-02-08 19:45:00,England,National League South,Eastbourne Boro,Tonbridge,1.4153961,1.1617297,2022-02-07 17:42:17.412909,2.5771258,0.25366639999999996,N,Home
164,2022-02-08 19:45:00,England,NPL Premier Division,Ashton Utd,Witton,1.8361772,1.1044141,2022-02-07 17:42:17.412909,2.9405913000000004,0.7317631,N,Home
165,2022-02-08 19:45:00,England,NPL Premier Division,Atherton,Bamber Bridge,1.498569,1.242158,2022-02-07 17:42:17.412909,2.740727,0.25641099999999994,N,Home
166,2022-02-08 19:45:00,England,NPL Premier Division,Buxton,Basford,2.0297217,0.9174455,2022-02-07 17:42:17.412909,2.9471672,1.1122762000000002,N,Home
167,2022-02-08 19:45:00,England,NPL Premier Division,FC United,Lancaster,1.7034314,1.1591045,2022-02-07 17:42:17.412909,2.8625359,0.5443269,N,Home
168,2022-02-08 19:45:00,England,NPL Premier Division,Matlock,Grantham,2.434688,0.6641759,2022-02-07 17:42:17.412909,3.0988639,1.7705121,W,Home
169,2022-02-08 19:45:00,England,NPL Premier Division,Morpeth,South Shields,1.3677194,1.5900712,2022-02-07 17:42:17.412909,2.9577906,0.2223518,N,Away
170,2022-02-08 19:45:00,England,NPL Premier Division,Radcliffe,Hyde,1.4443855,1.197033,2022-02-07 17:42:17.412909,2.6414185000000003,0.2473525000000001,N,Home
171,2022-02-08 19:45:00,England,NPL Premier Division,Scarborough,Whitby,1.544141,1.28722,2022-02-07 17:42:17.412909,2.8313610000000002,0.25692099999999995,N,Home
172,2022-02-08 19:45:00,England,NPL Premier Division,Stafford,Mickleover,1.3842703,1.0527058,2022-02-07 17:42:17.412909,2.4369761,0.33156450000000004,N,Home
173,2022-02-08 19:45:00,England,NPL Premier Division,Stalybridge,Gainsborough,1.2935812,0.9546352,2022-02-07 17:42:17.412909,2.2482164,0.33894599999999997,N,Home
174,2022-02-08 19:45:00,England,NPL Premier Division,Warrington,Nantwich,1.9393345,0.9566225,2022-02-07 17:42:17.412909,2.895957,0.9827119999999999,N,Home
175,2022-02-08 19:45:00,England,Premier League,West Ham,Watford,2.7149887,0.6638093,2022-02-07 17:42:17.412909,3.378798,2.0511794,N,Home
176,2022-02-08 19:45:00,England,Premier League,Newcastle,Everton,1.3419825,1.1875241,2022-02-07 17:42:17.412909,2.5295066000000004,0.1544584,N,Home
177,2022-02-08 19:45:00,England,Southern League South Division,Truro,Met. Police,1.3101349,1.575454,2022-02-07 17:42:17.412909,2.8855889,0.2653190999999999,N,Away
178,2022-02-08 19:45:00,England,Southern League South Division,Yate Town,Hendon,1.629222,1.2021285,2022-02-07 17:42:17.412909,2.8313505,0.4270935,N,Home
179,2022-02-08 19:45:00,England,Southern League South Division,Farnborough,Chesham,1.7638226,1.0993465,2022-02-07 17:42:17.412909,2.8631691,0.6644760999999999,N,Home
180,2022-02-08 19:45:00,England,Southern League South Division,Swindon S,Merthyr Town,1.706208,1.01071,2022-02-07 17:42:17.412909,2.7169179999999997,0.695498,N,Home
181,2022-02-08 19:45:00,Northern Ireland,NIFL Premiership,Carrick Rangers,Cliftonville,0.9926146,1.7177117,2022-02-07 17:42:17.412909,2.7103263,0.7250970999999999,N,Away
182,2022-02-08 19:45:00,Northern Ireland,NIFL Premiership,Coleraine,Dungannon,2.1736107,0.9369286,2022-02-07 17:42:17.412909,3.1105392999999997,1.2366821,N,Home
183,2022-02-08 19:45:00,Northern Ireland,NIFL Premiership,Crusaders,Ballymena,2.150271,0.94496274,2022-02-07 17:42:17.412909,3.0952337400000003,1.20530826,N,Home
184,2022-02-08 19:45:00,Northern Ireland,NIFL Premiership,Linfield,Larne,1.7528727,1.2019279,2022-02-07 17:42:17.412909,2.9548006,0.5509447999999999,N,Home
185,2022-02-08 19:45:00,Northern Ireland,NIFL Premiership,Portadown,Glentoran,0.9505492,2.3454304,2022-02-07 17:42:17.412909,3.2959796,1.3948812000000002,N,Away
186,2022-02-08 19:45:00,Scotland,League One,Queen's Park,Dumbarton,1.9104645,0.97494674,2022-02-07 17:42:17.412909,2.88541124,0.93551776,DNB,Home
187,2022-02-08 19:45:00,Scotland,League One,Alloa,Falkirk,1.4521149,1.3886856,2022-02-07 17:42:17.412909,2.8408005000000003,0.06342929999999991,N,Home
188,2022-02-08 20:00:00,England,League One,Bolton,Charlton,1.4100895,1.0550021,2022-02-07 17:42:17.412909,2.4650916,0.35508739999999994,N,Home
189,2022-02-08 20:00:00,England,Premier League,Burnley,Manchester Utd,0.79052854,1.9880457,2022-02-07 17:42:17.412909,2.77857424,1.19751716,N,Away
190,2022-02-08 20:00:00,France,Coupe de France,Monaco,Amiens,2.3533328,0.7722665,2022-02-07 17:42:17.412909,3.1255993,1.5810663,N,Home
191,2022-02-08 20:00:00,Italy,Coppa Italia,Inter,AS Roma,2.0907993,1.1262293,2022-02-07 17:42:17.412909,3.2170286,0.9645699999999999,N,Home
192,2022-02-08 20:15:00,Portugal,Liga Portugal 2,Estrela,Academica,1.5805334,1.0321869,2022-02-07 17:42:17.412909,2.6127203,0.5483465000000001,N,Home
193,2022-02-08 23:00:00,Colombia,Primera A,Ind. Medellin,Cortulua,1.5588158,0.80289876,2022-02-07 17:42:17.412909,2.3617145600000002,0.75591704,N,Home
194,2022-02-09 00:00:00,Mexico,Liga MX,Juarez,Guadalajara Chivas,1.0169288,1.0883503,2022-02-07 17:42:17.412909,2.1052791,0.07142150000000003,N,Away
195,2022-02-09 00:30:00,South America,Copa Libertadores,Montevideo City,Barcelona SC,0.97145754,1.0318263,2022-02-07 17:42:17.412909,2.00328384,0.06036876000000013,U 4.5,Away
196,2022-02-09 01:05:00,Colombia,Primera A,Pereira,Once Caldas,1.2167077,0.93752724,2022-02-07 17:42:17.412909,2.15423494,0.27918045999999996,N,Home
197,2022-02-09 08:05:00,Australia,A-League,Wellington Phoenix,Melbourne Victory,1.3981998,1.7949139,2022-02-07 17:42:17.412909,3.1931137,0.39671410000000007,N,Away
198,2022-02-09 10:30:00,Turkey,Turkish Cup,Bandirmaspor,Sivasspor,1.117748,1.471981,2022-02-07 17:42:17.412909,2.589729,0.354233,N,Away
199,2022-02-09 11:00:00,Spain,Tercera RFEF - Group 10,Antoniano,Cordoba B,0.93893456,1.3720273,2022-02-07 17:42:17.412909,2.31096186,0.4330927400000001,N,Away
200,2022-02-09 11:00:00,Uganda,Premier League,BUL,Vipers,0.8010919,1.2454039,2022-02-07 17:42:17.412909,2.0464957999999998,0.44431199999999993,N,Away
201,2022-02-09 12:00:00,Thailand,Thai League 1,Port MTI FC,Suphanburi,1.8064018,0.74464023,2022-02-07 17:42:17.412909,2.55104203,1.0617615699999998,N,Home
202,2022-02-09 13:00:00,Czech Republic,MOL Cup,Jablonec,Mlada Boleslav,1.267869,1.1964614,2022-02-07 17:42:17.412909,2.4643303999999997,0.0714075999999999,N,Home
203,2022-02-09 13:00:00,Romania,Liga 1,Chindia Targoviste,FC Arges,1.0272578,0.8570429,2022-02-07 17:42:17.412909,1.8843007000000003,0.17021490000000006,U 4.5,Home
204,2022-02-09 13:30:00,Czech Republic,MOL Cup,Sigma Olomouc,Slovacko,1.2054545,1.1569101,2022-02-07 17:42:17.412909,2.3623646000000003,0.048544400000000154,N,Home
205,2022-02-09 14:00:00,Greece,Greek Cup,Karditsa,Panathinaikos,0.80172086,1.4641527,2022-02-07 17:42:17.412909,2.26587356,0.6624318400000001,N,Away
206,2022-02-09 14:30:00,Turkey,Turkish Cup,Hatayspor,Antalyaspor,1.5516831,1.2815949,2022-02-07 17:42:17.412909,2.833278,0.2700882,N,Home
207,2022-02-09 15:00:00,Cyprus,First Division,Ol. Nicosia,AEK Larnaca,0.94079065,1.2646222,2022-02-07 17:42:17.412909,2.20541285,0.3238315500000001,U 4.5,Away
208,2022-02-09 15:00:00,Finland,Liiga Cup,KuPS,SJK,1.5674616,1.0515355,2022-02-07 17:42:17.412909,2.6189970999999996,0.5159260999999999,N,Home
209,2022-02-09 15:00:00,Portugal,Liga 3,Lusitania FC,Sao Joao Ver,1.316831,0.8435721,2022-02-07 17:42:17.412909,2.1604031,0.47325890000000004,N,Home
210,2022-02-09 15:00:00,Portugal,Liga 3,Oliveira Hospital,Vitoria Setubal,0.86256576,1.12885,2022-02-07 17:42:17.412909,1.9914157599999998,0.26628423999999995,N,Away
211,2022-02-09 15:30:00,Romania,Liga 1,Mioveni,Farul Constanta,0.9435443,1.2442629,2022-02-07 17:42:17.412909,2.1878072,0.30071860000000006,N,Away
212,2022-02-09 15:50:00,Qatar,QSL,Al Arabi,Al Ahli Doha,1.9047956,1.1482687,2022-02-07 17:42:17.412909,3.0530643,0.7565268999999999,N,Home
213,2022-02-09 15:50:00,Qatar,QSL,Al-Duhail,Shamal,3.201036,0.5615736,2022-02-07 17:42:17.412909,3.7626096,2.6394624,DNB,Home
214,2022-02-09 15:50:00,Qatar,QSL,Al Wakra,Qatar SC,1.6123056,1.1246673,2022-02-07 17:42:17.412909,2.7369729,0.48763829999999997,N,Home
215,2022-02-09 16:00:00,Czech Republic,MOL Cup,Slavia Prague,Sparta Prague,1.5370514,0.9656448,2022-02-07 17:42:17.412909,2.5026962,0.5714066,N,Home
216,2022-02-09 16:00:00,Greece,Greek Cup,Olympiacos Piraeus,Panetolikos,2.793438,0.35923475,2022-02-07 17:42:17.412909,3.1526727500000002,2.43420325,W,Home
217,2022-02-09 16:30:00,Poland,Polish Cup,Piast Gliwice,Gornik Z.,1.391368,1.0243586,2022-02-07 17:42:17.412909,2.4157266,0.36700939999999993,N,Home
218,2022-02-09 16:30:00,Slovenia,Prva liga,O. Ljubljana,Mura,1.1588075,1.0147052,2022-02-07 17:42:17.412909,2.1735127,0.1441022999999999,N,Home
219,2022-02-09 16:30:00,World,FIFA Club World Cup,Al-Hilal,Chelsea,0.80339485,1.8989445,2022-02-07 17:42:17.412909,2.70233935,1.0955496500000002,N,Away
220,2022-02-09 17:00:00,Cyprus,First Division,Paeek,APOEL,0.74258626,1.7514904,2022-02-07 17:42:17.412909,2.49407666,1.0089041399999998,N,Away
221,2022-02-09 17:00:00,Portugal,Campeonato de Portugal,Esperanca de Lagos,Juv. Evora,1.464438,0.9336223,2022-02-07 17:42:17.412909,2.3980603,0.5308156999999999,N,Home
222,2022-02-09 17:30:00,France,Coupe de France,Bergerac,Versailles,1.6034621,1.1060165,2022-02-07 17:42:17.412909,2.7094785999999997,0.49744560000000004,N,Home
223,2022-02-09 17:30:00,Turkey,Turkish Cup,Denizlispor,Trabzonspor,0.6810514,2.2612221,2022-02-07 17:42:17.412909,2.9422734999999998,1.5801707,N,Away
224,2022-02-09 17:45:00,Belgium,1B Pro League,Westerlo,Deinze,1.7835546,1.1931287,2022-02-07 17:42:17.412909,2.9766833,0.5904259000000001,N,Home
225,2022-02-09 17:45:00,Belgium,Jupiler Pro League,Waregem,Oostende,1.6610228,1.3753828,2022-02-07 17:42:17.412909,3.0364056,0.2856400000000001,N,Home
226,2022-02-09 17:55:00,Romania,Liga 1,Academica Clinceni,FCSB,0.60994846,2.0043666,2022-02-07 17:42:17.412909,2.61431506,1.39441814,W,Away
227,2022-02-09 18:00:00,Brazil,Campeonato Paulista,Agua Santa,Ituano,0.7961353,1.5353279,2022-02-07 17:42:17.412909,2.3314632,0.7391926,N,Away
228,2022-02-09 18:00:00,Greece,Greek Cup,AEK Athens FC,PAOK,1.0634367,1.0399966,2022-02-07 17:42:17.412909,2.1034333,0.023440099999999964,U 4.5,Home
229,2022-02-09 18:00:00,Netherlands,KNVB Beker,Ajax,Vitesse,3.4166784,0.81827474,2022-02-07 17:42:17.412909,4.23495314,2.59840366,O 1.5,Home
230,2022-02-09 18:00:00,Netherlands,KNVB Beker,Waalwijk,AZ Alkmaar,1.036178,2.0867915,2022-02-07 17:42:17.412909,3.1229695,1.0506134999999999,N,Away
231,2022-02-09 18:30:00,Brazil,Campeonato Carioca,Bangu,Madureira,0.8940124,1.093212,2022-02-07 17:42:17.412909,1.9872244000000001,0.19919960000000003,N,Away
232,2022-02-09 19:00:00,Switzerland,Swiss Cup,Etoile-Carouge,St. Gallen,0.9158923,2.129398,2022-02-07 17:42:17.412909,3.0452903,1.2135057000000002,W,Away
233,2022-02-09 19:30:00,Switzerland,Swiss Cup,Biel,Luzern,1.1772572,2.6954136,2022-02-07 17:42:17.412909,3.8726708,1.5181564000000003,W & O 1.5,Away
234,2022-02-09 19:45:00,England,Championship,Blackburn,Nottingham,1.2958455,1.0528316,2022-02-07 17:42:17.412909,2.3486770999999997,0.2430139,N,Home
235,2022-02-09 19:45:00,England,Championship,Bournemouth,Birmingham,1.9068965,0.79344046,2022-02-07 17:42:17.412909,2.70033696,1.11345604,N,Home
236,2022-02-09 19:45:00,England,Championship,Bristol City,Reading,1.5981699,1.133079,2022-02-07 17:42:17.412909,2.7312488999999998,0.4650909000000001,N,Home
237,2022-02-09 19:45:00,England,Championship,Preston,Huddersfield,1.4086583,1.0802159,2022-02-07 17:42:17.412909,2.4888741999999997,0.3284423999999999,N,Home
238,2022-02-09 19:45:00,England,Championship,QPR,Middlesbrough,1.1912267,1.1119561,2022-02-07 17:42:17.412909,2.3031828,0.07927060000000008,N,Home
239,2022-02-09 19:45:00,England,Championship,Sheffield Utd,West Brom,1.2489334,1.0950612,2022-02-07 17:42:17.412909,2.3439946000000003,0.15387220000000013,N,Home
240,2022-02-09 19:45:00,England,Championship,Cardiff,Peterborough,1.7437335,1.0539798,2022-02-07 17:42:17.412909,2.7977133,0.6897537,N,Home
241,2022-02-09 19:45:00,England,Isthmian League Premier Division,Kingstonian,Corinthian-Casuals,1.6850699,1.1758664,2022-02-07 17:42:17.412909,2.8609363,0.5092034999999999,N,Home
242,2022-02-09 19:45:00,England,National League North,Bradford PA,York,1.1695867,1.7354264,2022-02-07 17:42:17.412909,2.9050130999999997,0.5658397,N,Away
243,2022-02-09 19:45:00,England,National League South,Havant & W,Dartford,1.2091321,1.4891872,2022-02-07 17:42:17.412909,2.6983192999999996,0.2800551,N,Away
244,2022-02-09 19:45:00,England,Premier League,Norwich,Crystal Palace,1.1066364,1.3685701,2022-02-07 17:42:17.412909,2.4752064999999996,0.26193369999999994,N,Away
245,2022-02-09 19:45:00,England,Premier League,Tottenham,Southampton,1.9875984,0.8924443,2022-02-07 17:42:17.412909,2.8800426999999997,1.0951541,N,Home
246,2022-02-09 19:45:00,England,Premier League,Manchester City,Brentford,3.4874165,0.35717008,2022-02-07 17:42:17.412909,3.84458658,3.13024642,W,Home
247,2022-02-09 19:45:00,England,Southern League South Division,Tiverton,Weston-super-Mare,1.3176886,1.8122559,2022-02-07 17:42:17.412909,3.1299445,0.49456729999999993,N,Away
248,2022-02-09 19:45:00,Scotland,Championship,Inverness,Partick Thistle,1.1254218,0.93534815,2022-02-07 17:42:17.412909,2.06076995,0.19007364999999998,U 4.5,Home
249,2022-02-09 19:45:00,Scotland,Championship,Arbroath,Hamilton,1.4217649,0.97345775,2022-02-07 17:42:17.412909,2.39522265,0.4483071500000001,N,Home
250,2022-02-09 19:45:00,Scotland,Championship,Kilmarnock,Ayr,1.645481,1.0205075,2022-02-07 17:42:17.412909,2.6659885,0.6249735000000001,N,Home
251,2022-02-09 19:45:00,Scotland,Premiership,Aberdeen,Celtic,0.9261185,1.7231586,2022-02-07 17:42:17.412909,2.6492771,0.7970401000000001,N,Away
252,2022-02-09 19:45:00,Scotland,Premiership,Dundee Utd,Motherwell,1.2763772,1.0970994,2022-02-07 17:42:17.412909,2.3734766,0.17927779999999993,N,Home
253,2022-02-09 19:45:00,Scotland,Premiership,Hearts,Dundee FC,2.047629,0.84153533,2022-02-07 17:42:17.412909,2.8891643300000003,1.20609367,N,Home
254,2022-02-09 19:45:00,Scotland,Premiership,Rangers,Hibernian,2.351996,0.5691093,2022-02-07 17:42:17.412909,2.9211053000000002,1.7828867000000002,DNB,Home
255,2022-02-09 19:45:00,Scotland,Premiership,Ross County,Livingston,1.3495588,1.1393121,2022-02-07 17:42:17.412909,2.4888709,0.21024670000000012,N,Home
256,2022-02-09 19:45:00,Scotland,Premiership,St. Mirren,St Johnstone,1.1584241,0.94488144,2022-02-07 17:42:17.412909,2.10330554,0.21354266,N,Home
257,2022-02-09 20:00:00,Belgium,Jupiler Pro League,Leuven,Genk,1.2783854,1.7245587,2022-02-07 17:42:17.412909,3.0029440999999997,0.4461733000000001,N,Away
258,2022-02-09 20:00:00,England,Premier League,Aston Villa,Leeds,1.8553718,1.1032032,2022-02-07 17:42:17.412909,2.9585749999999997,0.7521685999999999,N,Home
259,2022-02-09 20:00:00,Italy,Coppa Italia,AC Milan,Lazio,1.8754474,1.1321905,2022-02-07 17:42:17.412909,3.0076379,0.7432569,N,Home
260,2022-02-09 20:00:00,Spain,Copa del Rey,Rayo Vallecano,Betis,1.2547926,1.41404,2022-02-07 17:42:17.412909,2.6688326,0.15924739999999993,N,Away
261,2022-02-09 20:15:00,France,Coupe de France,Nice,Marseille,1.377745,1.1752237,2022-02-07 17:42:17.412909,2.5529687,0.2025212999999999,N,Home
262,2022-02-09 22:00:00,Brazil,Campeonato Paulista,Sao Paulo,Santo Andre,2.0617757,0.70718217,2022-02-07 17:42:17.412909,2.7689578700000004,1.35459353,N,Home
263,2022-02-09 22:15:00,South America,Copa Libertadores,Lara,Bolivar,1.271063,0.9792527,2022-02-07 17:42:17.412909,2.2503157,0.2918103000000001,U 4.5,Home
264,2022-02-09 23:30:00,Brazil,Campeonato Paulista,Bragantino,Inter de Limeira,1.5806751,0.85892844,2022-02-07 17:42:17.412909,2.4396035400000002,0.7217466600000001,N,Home
265,2022-02-10 00:30:00,Brazil,Campeonato Paulista,Ferroviaria,Ponte Preta,0.96628577,1.1219006,2022-02-07 17:42:17.412909,2.08818637,0.15561482999999998,N,Away
266,2022-02-10 00:30:00,Brazil,Campeonato Paulista,Guarani,Botafogo SP,1.218094,1.1714747,2022-02-07 17:42:17.412909,2.3895687,0.04661929999999992,N,Home
267,2022-02-10 00:30:00,South America,Copa Libertadores,Cesar Vallejo,Olimpia Asuncion,0.84943783,1.2545432,2022-02-07 17:42:17.412909,2.10398103,0.40510537000000013,U 4.5,Away
268,2022-02-10 00:35:00,Brazil,Campeonato Carioca,Vasco,Portuguesa RJ,1.4396989,0.94578713,2022-02-07 17:42:17.412909,2.38548603,0.49391176999999997,N,Home
269,2022-02-10 08:45:00,Australia,A-League,Central Coast Mariners,Macarthur FC,1.364863,1.280224,2022-02-07 17:42:17.412909,2.645087,0.08463899999999991,N,Home
270,2022-02-10 13:40:00,Qatar,QSL,Al-Sadd,Umm-Salal,3.1943128,0.7124077,2022-02-07 17:42:17.412909,3.9067205,2.4819051,O 1.5,Home
271,2022-02-10 13:40:00,Qatar,QSL,Al Sailiya,Al Rayyan,1.0695988,1.9323993,2022-02-07 17:42:17.412909,3.0019981,0.8628004999999999,N,Away
272,2022-02-10 14:30:00,Turkey,Turkish Cup,Alanyaspor,Adana Demirspor,1.5431805,1.417396,2022-02-07 17:42:17.412909,2.9605765,0.12578449999999997,N,Home
273,2022-02-10 15:00:00,Cyprus,First Division,Apollon,AEL Limassol,1.7649717,0.94502914,2022-02-07 17:42:17.412909,2.71000084,0.81994256,N,Home
274,2022-02-10 15:00:00,Europe,Atlantic Cup,FC Copenhagen,Zenit,1.074822,1.3565075,2022-02-07 17:42:17.412909,2.4313295,0.28168550000000003,N,Away
275,2022-02-10 15:00:00,Romania,Liga 1,U Craiova 1948,FC Botosani,0.86413056,1.0440675,2022-02-07 17:42:17.412909,1.90819806,0.17993693999999993,U 4.5,Away
276,2022-02-10 15:15:00,Greece,Super League,Atromitos,Lamia,1.2128807,0.76982623,2022-02-07 17:42:17.412909,1.98270693,0.44305447,U 4.5,Home
277,2022-02-10 17:00:00,Cyprus,First Division,Anorthosis,Aris,1.676036,0.9792199,2022-02-07 17:42:17.412909,2.6552559000000002,0.6968161,N,Home
278,2022-02-10 17:00:00,Italy,Coppa Italia,Atalanta,Fiorentina,2.1482115,1.2227045,2022-02-07 17:42:17.412909,3.3709160000000002,0.9255069999999999,N,Home
279,2022-02-10 17:30:00,Switzerland,Swiss Cup,Thun,Lugano,1.3675811,2.1802518,2022-02-07 17:42:17.412909,3.5478329000000004,0.8126707000000002,O 1.5,Away
280,2022-02-10 17:30:00,Turkey,Turkish Cup,Besiktas,Goztepe,2.2979147,0.7731858,2022-02-07 17:42:17.412909,3.0711005,1.5247289000000002,N,Home
281,2022-02-10 17:55:00,Romania,Liga 1,Din. Bucuresti,Univ. Craiova,0.82713246,1.5734036,2022-02-07 17:42:17.412909,2.40053606,0.74627114,N,Away
282,2022-02-10 18:00:00,Netherlands,KNVB Beker,Nijmegen,G.A. Eagles,1.646937,1.2357593,2022-02-07 17:42:17.412909,2.8826963,0.4111777000000001,N,Home
283,2022-02-10 18:00:00,Portugal,Liga Portugal 2,Chaves,Rio Ave,1.130588,1.2001218,2022-02-07 17:42:17.412909,2.3307098,0.06953380000000009,N,Away
284,2022-02-10 18:30:00,Brazil,Campeonato Carioca,Nova Iguacu,Boavista,1.1411744,1.0398573,2022-02-07 17:42:17.412909,2.1810317,0.10131709999999994,N,Home
285,2022-02-10 19:45:00,England,Premier League,Wolves,Arsenal,1.1076292,1.4204175,2022-02-07 17:42:17.412909,2.5280467,0.3127883,N,Away
286,2022-02-10 19:45:00,England,Premier League,Liverpool,Leicester,2.4955208,0.7261847,2022-02-07 17:42:17.412909,3.2217055,1.7693360999999999,N,Home
287,2022-02-10 20:00:00,France,Coupe de France,Nantes,Bastia,1.945008,0.87670356,2022-02-07 17:42:17.412909,2.8217115600000002,1.06830444,N,Home
288,2022-02-10 20:00:00,Italy,Coppa Italia,Juventus,Sassuolo,2.392469,0.9226896,2022-02-07 17:42:17.412909,3.3151586,1.4697794000000002,N,Home
289,2022-02-10 20:30:00,Spain,Copa del Rey,Ath Bilbao,Valencia,1.7369487,0.916544,2022-02-07 17:42:17.412909,2.6534927,0.8204046999999999,N,Home
290,2022-02-10 22:00:00,Brazil,Campeonato Carioca,Audax RJ,Flamengo RJ,0.7464082,2.1728415,2022-02-07 17:42:17.412909,2.9192497,1.4264333000000002,N,Away
291,2022-02-10 22:00:00,Brazil,Campeonato Paulista,Santos,Sao Bernardo,1.9122187,0.75575554,2022-02-07 17:42:17.412909,2.66797424,1.15646316,N,Home
292,2022-02-11 00:30:00,Brazil,Campeonato Paulista,Corinthians,Mirassol,1.3523304,0.86381394,2022-02-07 17:42:17.412909,2.21614434,0.48851646000000004,N,Home
293,2022-02-11 08:45:00,Australia,A-League,WS Wanderers,Melbourne City,1.2631296,1.6837435,2022-02-07 17:42:17.412909,2.9468731000000004,0.4206139,N,Away
294,2022-02-11 13:00:00,Finland,Liiga Cup,Inter Turku,Mariehamn,1.9260929,0.9220602,2022-02-07 17:42:17.412909,2.8481531,1.0040327,N,Home
295,2022-02-11 13:00:00,Turkey,1. Lig,Altinordu,Genclerbirligi,1.404189,1.4611462,2022-02-07 17:42:17.412909,2.8653351999999996,0.05695720000000004,N,Away
296,2022-02-11 16:00:00,Turkey,1. Lig,Samsunspor,Bursaspor,1.7594827,1.1431475,2022-02-07 17:42:17.412909,2.9026302,0.6163352,N,Home
297,2022-02-11 17:00:00,Croatia,1. HNL,Sibenik,Dragovoljac,1.7195691,0.7952489,2022-02-07 17:42:17.412909,2.514818,0.9243201999999999,N,Home
298,2022-02-11 17:00:00,Poland,Ekstraklasa,Leczna,Slask Wroclaw,1.170174,1.1378583,2022-02-07 17:42:17.412909,2.3080323,0.03231570000000006,N,Home
299,2022-02-11 17:00:00,Turkey,Super Lig,Altay,Rizespor,1.5402868,0.98967814,2022-02-07 17:42:17.412909,2.52996494,0.5506086600000001,N,Home
300,2022-02-11 17:00:00,World,Club Friendly,Zhytomyr,Metalist Kharkiv,1.1750343,1.7352997,2022-02-07 17:42:17.412909,2.9103339999999998,0.5602653999999998,N,Away
301,2022-02-11 17:30:00,Germany,2. Bundesliga,Aue,Holstein Kiel,1.1713681,1.308003,2022-02-07 17:42:17.412909,2.4793711,0.1366349,N,Away
302,2022-02-11 17:30:00,Germany,2. Bundesliga,Hansa Rostock,Werder Bremen,1.1981866,1.9678259,2022-02-07 17:42:17.412909,3.1660125,0.7696392999999999,N,Away
303,2022-02-11 17:55:00,Romania,Liga 1,FC Rapid Bucuresti,Sepsi Sf. Gheorghe,1.0808588,1.1268836,2022-02-07 17:42:17.412909,2.2077424,0.04602480000000009,N,Away
304,2022-02-11 18:00:00,France,National,Annecy,Chambly,1.5950078,0.94328535,2022-02-07 17:42:17.412909,2.5382931500000003,0.6517224500000001,N,Home
305,2022-02-11 18:00:00,France,National,Bastia-Borgo,Concarneau,0.96374446,1.369905,2022-02-07 17:42:17.412909,2.33364946,0.4061605399999999,N,Away
306,2022-02-11 18:00:00,France,National,Stade Briochin,Chateauroux,1.2079569,1.0504894,2022-02-07 17:42:17.412909,2.2584463,0.15746749999999987,N,Home
307,2022-02-11 18:00:00,France,National,Villefranche,Boulogne,1.3995249,0.8283632,2022-02-07 17:42:17.412909,2.2278881,0.5711617000000001,N,Home
308,2022-02-11 18:00:00,France,National,Le Mans,Bourg en Bresse,1.1954035,1.0420446,2022-02-07 17:42:17.412909,2.2374481,0.15335889999999996,N,Home
309,2022-02-11 18:00:00,France,National,Avranches,Sedan,1.3972058,0.8130925,2022-02-07 17:42:17.412909,2.2102983,0.5841133000000001,N,Home
310,2022-02-11 18:00:00,Germany,3. Liga,Hallescher,Zwickau,1.1609384,1.3047837,2022-02-07 17:42:17.412909,2.4657221,0.14384529999999995,N,Away
311,2022-02-11 18:00:00,Germany,Regionalliga Sudwest,Offenbach,RW Koblenz,2.2927678,0.68093985,2022-02-07 17:42:17.412909,2.97370765,1.61182795,N,Home
312,2022-02-11 18:00:00,Germany,Regionalliga Sudwest,Aalen,Balingen,1.5752672,1.1638252,2022-02-07 17:42:17.412909,2.7390924,0.4114420000000001,N,Home
313,2022-02-11 18:00:00,Portugal,Liga Portugal 2,Casa Pia,Trofense,1.6030012,0.81176096,2022-02-07 17:42:17.412909,2.41476216,0.79124024,N,Home
314,2022-02-11 18:30:00,Austria,Bundesliga,Rapid Vienna,Salzburg,1.1504959,2.0625975,2022-02-07 17:42:17.412909,3.2130934,0.9121016,N,Away
315,2022-02-11 18:30:00,Germany,Regionalliga West,Fortuna Koln,Wuppertaler,1.9063903,1.1059064,2022-02-07 17:42:17.412909,3.0122967000000003,0.8004838999999999,N,Home
316,2022-02-11 18:30:00,Switzerland,Challenge League,Lausanne Ouchy,Kriens,1.8997734,0.93741846,2022-02-07 17:42:17.412909,2.83719186,0.96235494,N,Home
317,2022-02-11 19:00:00,Belgium,1B Pro League,Waasland-Beveren,Lierse K.,1.6585455,1.1066043,2022-02-07 17:42:17.412909,2.7651498,0.5519411999999999,N,Home
318,2022-02-11 19:00:00,Netherlands,Eerste Divisie,Den Haag,Maastricht,2.0861118,1.04726,2022-02-07 17:42:17.412909,3.1333718,1.0388517999999998,N,Home
319,2022-02-11 19:00:00,Netherlands,Eerste Divisie,Almere City,FC Emmen,1.2325387,1.813677,2022-02-07 17:42:17.412909,3.0462157000000003,0.5811382999999999,N,Away
320,2022-02-11 19:00:00,Netherlands,Eerste Divisie,Excelsior,Jong Ajax,1.7039347,1.5030903,2022-02-07 17:42:17.412909,3.207025,0.20084440000000003,N,Home
321,2022-02-11 19:00:00,Netherlands,Eerste Divisie,Graafschap,Dordrecht,2.011632,1.1913136,2022-02-07 17:42:17.412909,3.2029456,0.8203184000000001,N,Home
322,2022-02-11 19:00:00,Netherlands,Eerste Divisie,Helmond,Telstar,1.4594918,1.3744011,2022-02-07 17:42:17.412909,2.8338929,0.08509069999999985,N,Home
323,2022-02-11 19:00:00,Netherlands,Eerste Divisie,Oss,Eindhoven FC,1.4226911,1.5439255,2022-02-07 17:42:17.412909,2.9666166,0.12123440000000008,N,Away
324,2022-02-11 19:00:00,Netherlands,Eerste Divisie,FC Volendam,Jong AZ,2.2462943,1.1344953,2022-02-07 17:42:17.412909,3.3807896,1.1117990000000002,N,Home
325,2022-02-11 19:00:00,Netherlands,Eredivisie,Heracles,Utrecht,1.2997346,1.437755,2022-02-07 17:42:17.412909,2.7374896,0.13802039999999982,N,Away
326,2022-02-11 19:15:00,Switzerland,Challenge League,Schaffhausen,Vaduz,1.5727705,1.4883764,2022-02-07 17:42:17.412909,3.0611469,0.08439410000000014,N,Home
327,2022-02-11 19:30:00,Germany,Bundesliga,RB Leipzig,FC Koln,2.2349522,0.8703327,2022-02-07 17:42:17.412909,3.1052849,1.3646194999999999,N,Home
328,2022-02-11 19:30:00,Poland,Ekstraklasa,Cracovia,Lechia Gdansk,1.198487,1.2016368,2022-02-07 17:42:17.412909,2.4001238000000003,0.0031497999999998694,N,Away
329,2022-02-11 19:45:00,Belgium,Jupiler Pro League,Seraing,Antwerp,1.2091477,1.510006,2022-02-07 17:42:17.412909,2.7191536999999997,0.3008583,N,Away
330,2022-02-11 19:45:00,Scotland,League Two,Edinburgh City,Stirling,1.3655508,1.2400663,2022-02-07 17:42:17.412909,2.6056171,0.1254845,N,Home
331,2022-02-11 20:00:00,France,Ligue 1,Paris SG,Rennes,2.0465438,0.9263263,2022-02-07 17:42:17.412909,2.9728700999999997,1.1202174999999999,N,Home
332,2022-02-11 20:00:00,Spain,LaLiga,Sevilla,Elche,2.0941536,0.60708565,2022-02-07 17:42:17.412909,2.70123925,1.4870679499999997,N,Home
333,2022-02-11 20:00:00,Spain,LaLiga2,Leganes,Zaragoza,1.213735,0.88438046,2022-02-07 17:42:17.412909,2.09811546,0.32935454,U 4.5,Home
334,2022-02-11 20:15:00,Portugal,Liga Portugal,FC Porto,Sporting,1.5068223,1.0295886,2022-02-07 17:42:17.412909,2.5364109,0.4772337,N,Home
335,2022-02-11 21:00:00,Chile,Primera Division,Palestino,O'Higgins,1.5845871,1.1668872,2022-02-07 17:42:17.412909,2.7514743,0.4176999000000001,N,Home
336,2022-02-11 21:00:00,Colombia,Primera A,U. Magdalena,Envigado,1.0988331,0.93557334,2022-02-07 17:42:17.412909,2.03440644,0.16325975999999998,U 4.5,Home
337,2022-02-11 23:05:00,Colombia,Primera A,Bucaramanga,Dep. Pasto,1.3459485,0.9842549,2022-02-07 17:42:17.412909,2.3302034000000003,0.36169359999999995,N,Home
338,2022-02-11 23:30:00,Chile,Primera Division,Everton,Coquimbo,1.5030869,1.1716667,2022-02-07 17:42:17.412909,2.6747536,0.33142019999999994,N,Home
339,2022-02-12 00:00:00,Peru,Liga 1,U. de Deportes,U. San Martin,1.6092705,0.805755,2022-02-07 17:42:17.412909,2.4150255,0.8035155,N,Home
340,2022-02-12 01:00:00,Mexico,Liga MX,Mazatlan FC,Club Tijuana,1.1807172,1.1429288,2022-02-07 17:42:17.412909,2.323646,0.037788399999999944,N,Home
341,2022-02-12 01:10:00,Colombia,Primera A,Atl. Nacional,Petrolera,1.8988961,0.7006928,2022-02-07 17:42:17.412909,2.5995889,1.1982032999999999,N,Home
342,2022-02-12 03:00:00,Mexico,Liga MX,Puebla,Atlas,1.0139489,1.0405129,2022-02-07 17:42:17.412909,2.0544618,0.026564000000000032,U 4.5,Away
343,2022-02-12 04:35:00,Japan,Super Cup,Kawasaki Frontale,Urawa Reds,1.8351945,1.1964345,2022-02-07 17:42:17.412909,3.031629,0.63876,,Home
344,2022-02-12 05:50:00,Australia,A-League,Wellington Phoenix,Adelaide United,1.1545948,1.8398464,2022-02-07 17:42:17.412909,2.9944412,0.6852516000000002,N,Away
345,2022-02-12 08:45:00,Australia,A-League,Sydney FC,Western United,1.8809171,0.96378577,2022-02-07 17:42:17.412909,2.84470287,0.91713133,N,Home
346,2022-02-12 08:45:00,Australia,A-League,Melbourne Victory,Newcastle Jets,1.9786394,1.243402,2022-02-07 17:42:17.412909,3.2220414,0.7352374000000002,N,Home
347,2022-02-12 10:30:00,Turkey,1. Lig,Boluspor,Keciorengucu,1.3853201,1.0900486,2022-02-07 17:42:17.412909,2.4753686999999998,0.2952714999999999,N,Home
348,2022-02-12 10:30:00,Turkey,1. Lig,Adanaspor AS,Denizlispor,1.7307572,0.9963063,2022-02-07 17:42:17.412909,2.7270635,0.7344509,N,Home
349,2022-02-12 11:00:00,Finland,Liiga Cup,Lahti,Honka,1.2526686,1.2332429,2022-02-07 17:42:17.412909,2.4859115000000003,0.01942569999999999,N,Home
350,2022-02-12 11:00:00,Portugal,Liga Portugal 2,Mafra,FC Porto B,1.1068774,1.2350513,2022-02-07 17:42:17.412909,2.3419287,0.12817390000000017,N,Away
351,2022-02-12 12:00:00,Finland,Liiga Cup,AC Oulu,KuPS,0.64334315,2.9711223,2022-02-07 17:42:17.412909,3.61446545,2.3277791500000005,W & O 1.5,Away
352,2022-02-12 12:00:00,Romania,Liga 1,Farul Constanta,FC Voluntari,1.2915595,0.85851544,2022-02-07 17:42:17.412909,2.15007494,0.43304405999999995,N,Home
353,2022-02-12 12:30:00,England,Championship,Huddersfield,Sheffield Utd,1.2125716,1.2783567,2022-02-07 17:42:17.412909,2.4909283,0.06578510000000004,N,Away
354,2022-02-12 12:30:00,England,Premier League,Manchester Utd,Southampton,2.1042838,0.91510266,2022-02-07 17:42:17.412909,3.01938646,1.18918114,N,Home
355,2022-02-12 12:30:00,Germany,2. Bundesliga,Hamburger SV,Heidenheim,1.5997944,1.2214305,2022-02-07 17:42:17.412909,2.8212249,0.37836389999999986,N,Home
356,2022-02-12 12:30:00,Germany,2. Bundesliga,Karlsruher SC,Nurnberg,1.3710322,1.3775562,2022-02-07 17:42:17.412909,2.7485884,0.006523999999999974,N,Away
357,2022-02-12 12:30:00,Germany,2. Bundesliga,Paderborn,SG Dynamo Dresden,1.6104788,1.1767013,2022-02-07 17:42:17.412909,2.7871801,0.43377750000000015,N,Home
358,2022-02-12 13:00:00,Finland,Liiga Cup,Haka,Ilves,1.2450626,1.364802,2022-02-07 17:42:17.412909,2.6098646,0.11973940000000005,N,Away
359,2022-02-12 13:00:00,Germany,3. Liga,Braunschweig,Freiburg II,1.6589311,1.107293,2022-02-07 17:42:17.412909,2.7662241,0.5516380999999999,N,Home
360,2022-02-12 13:00:00,Germany,3. Liga,Kaiserslautern,Magdeburg,1.2867904,1.2989163,2022-02-07 17:42:17.412909,2.5857067,0.012125900000000023,N,Away
361,2022-02-12 13:00:00,Germany,3. Liga,Meppen,Munich 1860,1.309963,1.3459693,2022-02-07 17:42:17.412909,2.6559323,0.036006299999999936,N,Away
362,2022-02-12 13:00:00,Germany,3. Liga,Dortmund II,TSV Havelse,2.2443187,0.7387686,2022-02-07 17:42:17.412909,2.9830873,1.5055501,N,Home
363,2022-02-12 13:00:00,Germany,3. Liga,Turkgucu Munchen,Mannheim,1.1029646,1.5016302,2022-02-07 17:42:17.412909,2.6045948,0.39866559999999995,N,Away
364,2022-02-12 13:00:00,Germany,3. Liga,Wurzburger Kickers,Duisburg,1.230758,1.2456814,2022-02-07 17:42:17.412909,2.4764394000000003,0.014923400000000031,N,Away
365,2022-02-12 13:00:00,Germany,Regionalliga Sudwest,Stuttgart II,Mainz II,1.1729615,1.751338,2022-02-07 17:42:17.412909,2.9242995,0.5783765000000001,N,Away
366,2022-02-12 13:00:00,Germany,Regionalliga Sudwest,FSV Frankfurt,Walldorf,1.4780319,1.252292,2022-02-07 17:42:17.412909,2.7303239,0.2257399,N,Home
367,2022-02-12 13:00:00,Germany,Regionalliga Sudwest,FC 08 Homburg,Kassel,1.7263199,1.1264222,2022-02-07 17:42:17.412909,2.8527421,0.5998977000000001,N,Home
368,2022-02-12 13:00:00,Germany,Regionalliga Sudwest,Giessen,Bahlinger,1.2036762,1.4090538,2022-02-07 17:42:17.412909,2.61273,0.20537759999999983,N,Away
369,2022-02-12 13:00:00,Germany,Regionalliga Sudwest,Steinbach Haiger,Pirmasens,1.8820684,1.0142407,2022-02-07 17:42:17.412909,2.8963091,0.8678277000000001,N,Home
370,2022-02-12 13:00:00,Germany,Regionalliga West,Preussen Munster,Ahlen,2.3636708,0.8145673,2022-02-07 17:42:17.412909,3.1782380999999997,1.5491035,N,Home
371,2022-02-12 13:00:00,Germany,Regionalliga West,Lippstadt,Wegberg-Beeck,1.6948959,1.1883712,2022-02-07 17:42:17.412909,2.8832671,0.5065246999999999,N,Home
372,2022-02-12 13:00:00,Germany,Regionalliga West,Oberhausen,Lotte,2.2835948,0.6404875,2022-02-07 17:42:17.412909,2.9240823,1.6431073,N,Home
373,2022-02-12 13:00:00,Germany,Regionalliga West,Uerdingen,B. Monchengladbach II,0.7593253,1.9916241,2022-02-07 17:42:17.412909,2.7509493999999997,1.2322988,N,Away
374,2022-02-12 13:00:00,Germany,Regionalliga West,Wiedenbruck,Alemannia Aachen,1.4031173,1.2549802,2022-02-07 17:42:17.412909,2.6580975000000002,0.1481370999999998,N,Home
375,2022-02-12 13:00:00,Germany,Regionalliga West,Bonner,Koln II,1.208695,1.5284197,2022-02-07 17:42:17.412909,2.7371147000000002,0.31972469999999986,N,Away
376,2022-02-12 13:00:00,Germany,Regionalliga West,Dusseldorf II,Straelen,1.8618083,1.0125499,2022-02-07 17:42:17.412909,2.8743582,0.8492584000000001,N,Home
377,2022-02-12 13:00:00,Germany,Regionalliga West,Homberg,RW Essen,0.60290074,1.7953396,2022-02-07 17:42:17.412909,2.39824034,1.1924388599999998,U 4.5,Away
378,2022-02-12 13:00:00,Italy,Serie B,Cittadella,Cremonese,1.3378973,1.2145995,2022-02-07 17:42:17.412909,2.5524968,0.12329780000000001,N,Home
379,2022-02-12 13:00:00,Italy,Serie B,Monza,Spal,1.6519923,0.99884295,2022-02-07 17:42:17.412909,2.65083525,0.6531493500000001,N,Home
380,2022-02-12 13:00:00,Italy,Serie B,Parma,Pordenone,1.8481696,0.8934893,2022-02-07 17:42:17.412909,2.7416589,0.9546803,DNB,Home
381,2022-02-12 13:00:00,Italy,Serie B,Pisa,Ternana,1.5278989,1.0976588,2022-02-07 17:42:17.412909,2.6255577,0.4302401,N,Home
382,2022-02-12 13:00:00,Italy,Serie B,L.R. Vicenza,Cosenza,1.3603888,1.1126487,2022-02-07 17:42:17.412909,2.4730375,0.2477400999999999,N,Home
383,2022-02-12 13:00:00,Spain,LaLiga,Cadiz CF,Celta Vigo,0.8984479,1.4373324,2022-02-07 17:42:17.412909,2.3357803,0.5388845000000001,N,Away
384,2022-02-12 13:00:00,Turkey,1. Lig,Ankaragucu,Istanbulspor AS,1.5714079,0.8900543,2022-02-07 17:42:17.412909,2.4614622,0.6813536000000001,N,Home
385,2022-02-12 13:00:00,Turkey,Super Lig,Basaksehir,Gaziantep,1.7402971,0.9849302,2022-02-07 17:42:17.412909,2.7252273000000002,0.7553669000000001,N,Home
386,2022-02-12 13:00:00,Turkey,Super Lig,Giresunspor,Fenerbahce,1.1899803,1.4261823,2022-02-07 17:42:17.412909,2.6161626,0.23620200000000002,N,Away
387,2022-02-12 13:30:00,Austria,2. Liga,Vorwarts Steyr,Horn,1.7650684,1.4173714,2022-02-07 17:42:17.412909,3.1824398,0.34769700000000014,N,Home
388,2022-02-12 14:00:00,Croatia,1. HNL,Lok. Zagreb,Istra 1961,1.640461,0.92252487,2022-02-07 17:42:17.412909,2.56298587,0.7179361299999999,N,Home
389,2022-02-12 14:00:00,Czech Republic,1. Liga,Bohemians,Zlin,1.4605978,1.0053179,2022-02-07 17:42:17.412909,2.4659157,0.45527989999999985,N,Home
390,2022-02-12 14:00:00,Czech Republic,1. Liga,Liberec,FK Pardubice,1.7011447,0.78952396,2022-02-07 17:42:17.412909,2.49066866,0.9116207399999999,N,Home
391,2022-02-12 14:00:00,Czech Republic,1. Liga,Hradec Kralove,Ceske Budejovice,1.3219192,1.2121754,2022-02-07 17:42:17.412909,2.5340946,0.10974379999999995,N,Home
392,2022-02-12 14:00:00,France,Ligue 2,Valenciennes,Toulouse,1.0796787,1.6566111,2022-02-07 17:42:17.412909,2.7362897999999998,0.5769323999999998,N,Away
393,2022-02-12 14:00:00,Italy,Serie A,Lazio,Bologna,1.9198428,1.0340116,2022-02-07 17:42:17.412909,2.9538544,0.8858312000000002,N,Home
394,2022-02-12 14:00:00,Poland,Ekstraklasa,Wisla,Stal Mielec,1.6496898,1.1268699,2022-02-07 17:42:17.412909,2.7765597,0.5228199,N,Home
395,2022-02-12 14:00:00,Portugal,Liga Portugal 2,Academica,Feirense,1.246547,1.3811488,2022-02-07 17:42:17.412909,2.6276958,0.1346018,N,Away
396,2022-02-12 14:30:00,Germany,Bundesliga,Eintracht Frankfurt,Wolfsburg,1.555129,1.3526578,2022-02-07 17:42:17.412909,2.9077868000000002,0.20247119999999996,N,Home
397,2022-02-12 14:30:00,Germany,Bundesliga,B. Monchengladbach,Augsburg,2.2094657,1.0250517,2022-02-07 17:42:17.412909,3.2345173999999997,1.184414,N,Home
398,2022-02-12 14:30:00,Germany,Bundesliga,Freiburg,Mainz,1.5362128,1.2828466,2022-02-07 17:42:17.412909,2.8190594,0.2533661999999999,N,Home
399,2022-02-12 14:30:00,Germany,Bundesliga,Bochum,Bayern Munich,0.99155986,2.4471781,2022-02-07 17:42:17.412909,3.43873796,1.45561824,N,Away
400,2022-02-12 14:30:00,Germany,Bundesliga,Greuther Furth,Hertha Berlin,1.1500777,1.5334687,2022-02-07 17:42:17.412909,2.6835464,0.38339100000000004,N,Away
401,2022-02-12 15:00:00,England,Championship,Barnsley,QPR,0.9586981,1.5318222,2022-02-07 17:42:17.412909,2.4905203,0.5731240999999999,N,Away
402,2022-02-12 15:00:00,England,Championship,Birmingham,Luton,1.0958145,1.2210076,2022-02-07 17:42:17.412909,2.3168221,0.12519310000000017,N,Away
403,2022-02-12 15:00:00,England,Championship,Blackpool,Bournemouth,1.0017827,1.3854328,2022-02-07 17:42:17.412909,2.3872155,0.3836501000000001,N,Away
404,2022-02-12 15:00:00,England,Championship,Hull,Fulham,0.96307296,1.7410464,2022-02-07 17:42:17.412909,2.70411936,0.7779734400000001,N,Away
405,2022-02-12 15:00:00,England,Championship,Middlesbrough,Derby,1.7099063,0.98197824,2022-02-07 17:42:17.412909,2.69188454,0.7279280600000001,N,Home
406,2022-02-12 15:00:00,England,Championship,Nottingham,Stoke,1.3656731,1.0441203,2022-02-07 17:42:17.412909,2.4097934,0.3215528000000001,N,Home
407,2022-02-12 15:00:00,England,Championship,Peterborough,Preston,1.1858517,1.2149217,2022-02-07 17:42:17.412909,2.4007734000000003,0.02907000000000015,N,Away
408,2022-02-12 15:00:00,England,Championship,Reading,Coventry,1.2466273,1.3637571,2022-02-07 17:42:17.412909,2.6103844,0.11712979999999984,N,Away
409,2022-02-12 15:00:00,England,Championship,Millwall,Cardiff,1.4532043,1.1137596,2022-02-07 17:42:17.412909,2.5669639,0.3394446999999998,N,Home
410,2022-02-12 15:00:00,England,League One,Accrington,Crewe,1.9752668,1.094889,2022-02-07 17:42:17.412909,3.0701558,0.8803778,N,Home
411,2022-02-12 15:00:00,England,League One,AFC Wimbledon,Sunderland,1.1136849,1.6957973,2022-02-07 17:42:17.412909,2.8094821999999997,0.5821124,N,Away
412,2022-02-12 15:00:00,England,League One,Burton,Cambridge Utd,1.5787474,1.0833297,2022-02-07 17:42:17.412909,2.6620771,0.49541769999999996,N,Home
413,2022-02-12 15:00:00,England,League One,Cheltenham,Fleetwood,1.5674073,1.1669977,2022-02-07 17:42:17.412909,2.7344049999999998,0.4004095999999999,N,Home
414,2022-02-12 15:00:00,England,League One,Lincoln,Wycombe,1.2289304,1.3230435,2022-02-07 17:42:17.412909,2.5519739,0.09411309999999995,N,Away
415,2022-02-12 15:00:00,England,League One,MK Dons,Ipswich,1.3744198,1.2458621,2022-02-07 17:42:17.412909,2.6202819,0.1285577,N,Home
416,2022-02-12 15:00:00,England,League One,Morecambe,Gillingham,1.4431269,1.1636454,2022-02-07 17:42:17.412909,2.6067723000000003,0.27948149999999994,N,Home
417,2022-02-12 15:00:00,England,League One,Oxford Utd,Bolton,1.5845361,1.0623459,2022-02-07 17:42:17.412909,2.6468819999999997,0.5221902,N,Home
418,2022-02-12 15:00:00,England,League One,Plymouth,Shrewsbury,1.5307909,0.96285146,2022-02-07 17:42:17.412909,2.49364236,0.56793944,N,Home
419,2022-02-12 15:00:00,England,League One,Portsmouth,Doncaster,2.341143,0.7918981,2022-02-07 17:42:17.412909,3.1330411000000002,1.5492449000000001,N,Home
420,2022-02-12 15:00:00,England,League One,Wigan,Charlton,1.6003387,1.0210975,2022-02-07 17:42:17.412909,2.6214361999999998,0.5792412,N,Home
421,2022-02-12 15:00:00,England,League Two,Barrow,Stevenage,1.2101629,1.075815,2022-02-07 17:42:17.412909,2.2859779,0.13434790000000008,U 4.5,Home
422,2022-02-12 15:00:00,England,League Two,Bradford City,Exeter,1.2157177,1.0805365,2022-02-07 17:42:17.412909,2.2962542,0.1351811999999999,U 4.5,Home
423,2022-02-12 15:00:00,England,League Two,Bristol Rovers,Mansfield,1.2242587,1.2394375,2022-02-07 17:42:17.412909,2.4636962000000002,0.015178799999999937,N,Away
424,2022-02-12 15:00:00,England,League Two,Colchester,Carlisle,1.2414924,1.048978,2022-02-07 17:42:17.412909,2.2904704000000002,0.19251440000000009,U 4.5,Home
425,2022-02-12 15:00:00,England,League Two,Crawley,Hartlepool,1.3190142,1.0944022,2022-02-07 17:42:17.412909,2.4134164,0.22461200000000003,N,Home
426,2022-02-12 15:00:00,England,League Two,Leyton Orient,Salford,1.3298111,0.9998375,2022-02-07 17:42:17.412909,2.3296486,0.32997359999999987,N,Home
427,2022-02-12 15:00:00,England,League Two,Port Vale,Northampton,1.2978059,1.0287706,2022-02-07 17:42:17.412909,2.3265765,0.26903529999999987,N,Home
428,2022-02-12 15:00:00,England,League Two,Rochdale,Harrogate,1.4549307,0.9607564,2022-02-07 17:42:17.412909,2.4156871,0.49417430000000007,N,Home
429,2022-02-12 15:00:00,England,League Two,Sutton,Forest Green,1.1963484,1.2746425,2022-02-07 17:42:17.412909,2.4709909,0.07829409999999992,N,Away
430,2022-02-12 15:00:00,England,League Two,Swindon,Scunthorpe,1.7872794,0.8241102,2022-02-07 17:42:17.412909,2.6113896,0.9631692000000001,N,Home
431,2022-02-12 15:00:00,England,League Two,Walsall,Tranmere,1.0889144,1.0405232,2022-02-07 17:42:17.412909,2.1294376,0.04839119999999997,U 4.5,Home
432,2022-02-12 15:00:00,England,League Two,Newport,Oldham,1.8005755,0.85122937,2022-02-07 17:42:17.412909,2.6518048700000003,0.9493461300000001,N,Home
433,2022-02-12 15:00:00,England,National League,Kingâ€™s Lynn,Altrincham,1.0003891,1.7316265,2022-02-07 17:42:17.412909,2.7320156,0.7312373999999999,N,Away
434,2022-02-12 15:00:00,England,National League,Barnet,Wealdstone,1.4477277,1.1793677,2022-02-07 17:42:17.412909,2.6270954,0.26835999999999993,N,Home
435,2022-02-12 15:00:00,England,National League,Dover,Torquay,1.0243142,1.854268,2022-02-07 17:42:17.412909,2.8785822000000003,0.8299538,N,Away
436,2022-02-12 15:00:00,England,National League,Eastleigh,Yeovil,1.4122547,1.1182204,2022-02-07 17:42:17.412909,2.5304751000000003,0.2940343000000001,N,Home
437,2022-02-12 15:00:00,England,National League,Grimsby,Aldershot,1.7222912,0.9858956,2022-02-07 17:42:17.412909,2.7081868,0.7363955999999999,N,Home
438,2022-02-12 15:00:00,England,National League,Weymouth,Chesterfield,0.8575504,1.7767992,2022-02-07 17:42:17.412909,2.6343496,0.9192487999999999,N,Away
439,2022-02-12 15:00:00,England,National League North,AFC Telford,Kidderminster,0.919043,2.0071442,2022-02-07 17:42:17.412909,2.9261872,1.0881011999999999,N,Away
440,2022-02-12 15:00:00,England,National League North,Alfreton,Gateshead,1.1615376,1.7417578,2022-02-07 17:42:17.412909,2.9032954,0.5802202000000001,N,Away
441,2022-02-12 15:00:00,England,National League North,Blyth,Kettering,1.1280735,1.6927339,2022-02-07 17:42:17.412909,2.8208073999999996,0.5646604,N,Away
442,2022-02-12 15:00:00,England,National League North,Boston Utd,Southport,1.5522342,1.1244508,2022-02-07 17:42:17.412909,2.676685,0.42778340000000004,N,Home
443,2022-02-12 15:00:00,England,National League North,Brackley Town,AFC Fylde,1.462881,1.2227163,2022-02-07 17:42:17.412909,2.6855973000000004,0.2401647,N,Home
444,2022-02-12 15:00:00,England,National League North,Darlington,Chester,1.6799715,1.2303824,2022-02-07 17:42:17.412909,2.9103539,0.44958909999999985,N,Home
445,2022-02-12 15:00:00,England,National League North,Farsley,Gloucester,1.2358806,1.5228288,2022-02-07 17:42:17.412909,2.7587094,0.2869482000000001,N,Away
446,2022-02-12 15:00:00,England,National League North,Hereford,Guiseley,1.6651103,0.99844396,2022-02-07 17:42:17.412909,2.66355426,0.66666634,N,Home
447,2022-02-12 15:00:00,England,National League North,Leamington,Chorley,0.8437011,1.6941707,2022-02-07 17:42:17.412909,2.5378718,0.8504695999999999,N,Away
448,2022-02-12 15:00:00,England,National League North,Spennymoor,Bradford PA,1.9363921,0.8681022,2022-02-07 17:42:17.412909,2.8044943,1.0682899,N,Home
449,2022-02-12 15:00:00,England,National League North,York,Curzon Ashton,1.556024,1.1899692,2022-02-07 17:42:17.412909,2.7459932,0.3660548000000001,N,Home
450,2022-02-12 15:00:00,England,National League South,Bath,Dorking,1.0863353,1.9961659,2022-02-07 17:42:17.412909,3.0825012000000003,0.9098306,N,Away
451,2022-02-12 15:00:00,England,National League South,Billericay,Dulwich Hamlet,1.1900778,1.7631631,2022-02-07 17:42:17.412909,2.9532409,0.5730853,N,Away
452,2022-02-12 15:00:00,England,National League South,Chelmsford,Hampton & Richmond,1.3659576,1.36064,2022-02-07 17:42:17.412909,2.7265976,0.005317599999999922,N,Home
453,2022-02-12 15:00:00,England,National League South,Concord,Havant & W,1.2478461,1.5739286,2022-02-07 17:42:17.412909,2.8217746999999997,0.32608249999999983,N,Away
454,2022-02-12 15:00:00,England,National League South,Eastbourne Boro,Maidstone,1.1300354,1.7956496,2022-02-07 17:42:17.412909,2.9256849999999996,0.6656142,N,Away
455,2022-02-12 15:00:00,England,National League South,Ebbsfleet,Slough,1.9733102,0.9974078,2022-02-07 17:42:17.412909,2.9707179999999997,0.9759024000000001,N,Home
456,2022-02-12 15:00:00,England,National League South,Oxford City,Hemel Hempstead,1.6107383,1.3917283,2022-02-07 17:42:17.412909,3.0024666,0.21900999999999993,N,Home
457,2022-02-12 15:00:00,England,National League South,St. Albans,Braintree,1.7871855,1.121935,2022-02-07 17:42:17.412909,2.9091205,0.6652505000000002,N,Home
458,2022-02-12 15:00:00,England,National League South,Welling,Chippenham,1.3239207,1.6003962,2022-02-07 17:42:17.412909,2.9243169,0.2764755000000001,N,Away
459,2022-02-12 15:00:00,England,Premier League,Brentford,Crystal Palace,1.1222312,1.0730243,2022-02-07 17:42:17.412909,2.1952555,0.049206900000000164,N,Home
460,2022-02-12 15:00:00,England,Premier League,Everton,Leeds,1.5885838,1.1760789,2022-02-07 17:42:17.412909,2.7646627,0.41250490000000006,N,Home
461,2022-02-12 15:00:00,England,Premier League,Watford,Brighton,1.0245944,1.4109619,2022-02-07 17:42:17.412909,2.4355563,0.3863675,N,Away
462,2022-02-12 15:00:00,Scotland,Championship,Morton,Queen of South,1.3234645,0.95626235,2022-02-07 17:42:17.412909,2.2797268500000003,0.36720215,N,Home
463,2022-02-12 15:00:00,Scotland,League One,Airdrieonians,Montrose,1.2294712,1.1116586,2022-02-07 17:42:17.412909,2.3411298,0.11781260000000016,U 4.5,Home
464,2022-02-12 15:00:00,Scotland,League One,Alloa,East Fife,1.6385386,1.1685154,2022-02-07 17:42:17.412909,2.807054,0.4700232,N,Home
465,2022-02-12 15:00:00,Scotland,League One,Clyde,Dumbarton,1.6002362,0.9742456,2022-02-07 17:42:17.412909,2.5744818,0.6259906000000001,N,Home
466,2022-02-12 15:00:00,Scotland,League One,Cove Rangers,Queen's Park,1.6269407,0.9531076,2022-02-07 17:42:17.412909,2.5800483,0.6738331,N,Home
467,2022-02-12 15:00:00,Scotland,League Two,Cowdenbeath,Forfar Athletic,1.095302,1.6878701,2022-02-07 17:42:17.412909,2.7831721,0.5925681,N,Away
468,2022-02-12 15:00:00,Scotland,League Two,Elgin City,Stranraer,1.5784831,1.1418294,2022-02-07 17:42:17.412909,2.7203125,0.4366536999999999,N,Home
469,2022-02-12 15:00:00,Scotland,Scottish Cup,Hearts,Livingston,1.934992,0.8674481,2022-02-07 17:42:17.412909,2.8024401,1.0675439,N,Home
470,2022-02-12 15:00:00,Scotland,Scottish Cup,St. Mirren,Kelty Hearts,2.0547504,0.6986823,2022-02-07 17:42:17.412909,2.7534327000000003,1.3560681,DNB,Home
471,2022-02-12 15:00:00,Scotland,Scottish Cup,Motherwell,Aberdeen,1.2045839,1.3045691,2022-02-07 17:42:17.412909,2.509153,0.09998519999999989,N,Away
472,2022-02-12 15:00:00,Scotland,Scottish Cup,Partick Thistle,Dundee Utd,1.0204316,1.2827221,2022-02-07 17:42:17.412909,2.3031537,0.2622905,N,Away
473,2022-02-12 15:00:00,Spain,LaLiga2,Mirandes,Gijon,1.1941622,1.0754069,2022-02-07 17:42:17.412909,2.2695691,0.11875530000000012,N,Home
474,2022-02-12 15:15:00,Belgium,Jupiler Pro League,Eupen,Gent,1.2677759,1.7384503,2022-02-07 17:42:17.412909,3.0062262,0.47067440000000005,N,Away
475,2022-02-12 15:15:00,Italy,Serie B,Perugia,Frosinone,1.3365384,1.1676804,2022-02-07 17:42:17.412909,2.5042188000000003,0.16885799999999995,N,Home
476,2022-02-12 15:15:00,Italy,Serie B,Reggina,Crotone,1.5503137,1.1655381,2022-02-07 17:42:17.412909,2.7158518000000003,0.3847756,N,Home
477,2022-02-12 15:15:00,Spain,LaLiga,Villarreal,Real Madrid,1.417921,1.4477971,2022-02-07 17:42:17.412909,2.8657181,0.029876100000000072,N,Away
478,2022-02-12 15:30:00,Portugal,Liga Portugal,Braga,Ferreira,2.0834768,0.67489475,2022-02-07 17:42:17.412909,2.75837155,1.4085820500000001,N,Home
479,2022-02-12 16:00:00,Austria,Bundesliga,Wolfsberger AC,Ried,2.1183715,0.9769697,2022-02-07 17:42:17.412909,3.0953412,1.1414017999999997,N,Home
480,2022-02-12 16:00:00,Austria,Bundesliga,Tirol,Sturm Graz,1.3247492,1.9037708,2022-02-07 17:42:17.412909,3.22852,0.5790215999999999,N,Away
481,2022-02-12 16:00:00,Austria,Bundesliga,Altach,Austria Vienna,0.95035917,1.7637453,2022-02-07 17:42:17.412909,2.71410447,0.81338613,N,Away
482,2022-02-12 16:00:00,France,Ligue 1,Montpellier,Lille,1.3583221,1.5836214,2022-02-07 17:42:17.412909,2.9419435,0.22529929999999987,N,Away
483,2022-02-12 16:00:00,Turkey,1. Lig,Balikesirspor,Kocaelispor,1.2308846,1.1966404,2022-02-07 17:42:17.412909,2.427525,0.03424420000000006,N,Home
484,2022-02-12 16:00:00,Turkey,Super Lig,Galatasaray,Kayserispor,1.6929827,1.05332,2022-02-07 17:42:17.412909,2.7463027,0.6396626999999999,N,Home
485,2022-02-12 16:05:00,Croatia,1. HNL,D. Zagreb,Gorica,2.380711,0.58055896,2022-02-07 17:42:17.412909,2.9612699599999996,1.80015204,N,Home
486,2022-02-12 16:30:00,Poland,Ekstraklasa,Radomiak Radom,Rakow,1.2427871,1.1809227,2022-02-07 17:42:17.412909,2.4237098,0.06186439999999993,N,Home
487,2022-02-12 17:00:00,Czech Republic,1. Liga,Ostrava,Teplice,2.0370038,0.73360914,2022-02-07 17:42:17.412909,2.77061294,1.30339466,N,Home
488,2022-02-12 17:00:00,Italy,Serie A,Napoli,Inter,1.2713648,1.485018,2022-02-07 17:42:17.412909,2.7563828,0.2136532,N,Away
489,2022-02-12 17:00:00,Switzerland,Challenge League,Yverdon,Xamax,1.6576906,1.0746448,2022-02-07 17:42:17.412909,2.7323354,0.5830458000000001,N,Home
490,2022-02-12 17:00:00,Switzerland,Challenge League,Winterthur,Wil,2.0564747,1.1555527,2022-02-07 17:42:17.412909,3.2120274,0.9009219999999998,N,Home
491,2022-02-12 17:00:00,Switzerland,Super League,Lausanne,Grasshoppers,1.3159068,1.4865539,2022-02-07 17:42:17.412909,2.8024607,0.17064710000000005,N,Away
492,2022-02-12 17:00:00,World,Club Friendly,Veres-Rivne,Ch. Odessa,1.5230209,1.3400848,2022-02-07 17:42:17.412909,2.8631057,0.18293609999999982,N,Home
493,2022-02-12 17:15:00,Spain,LaLiga2,UD Ibiza,Cartagena,1.3080976,0.95915973,2022-02-07 17:42:17.412909,2.26725733,0.34893787,N,Home
494,2022-02-12 17:15:00,Spain,LaLiga2,Valladolid,Girona,1.430747,0.9638445,2022-02-07 17:42:17.412909,2.3945914999999998,0.4669025,N,Home
495,2022-02-12 17:20:00,England,National League,Woking,Southend,1.4059361,1.0921934,2022-02-07 17:42:17.412909,2.4981295,0.31374269999999993,N,Home
496,2022-02-12 17:30:00,Belgium,Jupiler Pro League,Leuven,Cercle Brugge KSV,1.3373175,1.4299997,2022-02-07 17:42:17.412909,2.7673172,0.09268220000000005,N,Away
497,2022-02-12 17:30:00,Belgium,Jupiler Pro League,KV Mechelen,Oostende,1.6347884,1.2208189,2022-02-07 17:42:17.412909,2.8556073,0.4139694999999999,N,Home
498,2022-02-12 17:30:00,England,Premier League,Norwich,Manchester City,0.71432865,2.1916397,2022-02-07 17:42:17.412909,2.90596835,1.47731105,N,Away
499,2022-02-12 17:30:00,Germany,Bundesliga,Bayer Leverkusen,Stuttgart,2.2372653,0.9248483,2022-02-07 17:42:17.412909,3.1621135999999996,1.312417,N,Home
500,2022-02-12 17:30:00,Greece,Super League,Smyrnis,Panetolikos,1.1200926,1.1337696,2022-02-07 17:42:17.412909,2.2538622,0.01367699999999994,N,Away
501,2022-02-12 17:30:00,Greece,Super League,Asteras Tripolis,Ionikos,1.3301086,0.69253176,2022-02-07 17:42:17.412909,2.02264036,0.6375768399999999,U 4.5,Home
502,2022-02-12 17:30:00,Scotland,Scottish Cup,Annan,Rangers,0.61427426,2.199983,2022-02-07 17:42:17.412909,2.8142572599999998,1.58570874,DNB,Away
503,2022-02-12 17:30:00,Spain,LaLiga,Rayo Vallecano,Osasuna,1.2889533,0.8662406,2022-02-07 17:42:17.412909,2.1551939,0.42271269999999994,N,Home
504,2022-02-12 17:45:00,Netherlands,Eredivisie,Groningen,Sittard,1.6353608,0.92048955,2022-02-07 17:42:17.412909,2.55585035,0.71487125,N,Home
505,2022-02-12 17:45:00,Netherlands,Eredivisie,Cambuur,Zwolle,1.6102521,1.0311862,2022-02-07 17:42:17.412909,2.6414383,0.5790659,N,Home
506,2022-02-12 17:55:00,Romania,Liga 1,Gaz Metan Medias,CFR Cluj,0.68321395,1.4989227,2022-02-07 17:42:17.412909,2.18213665,0.8157087500000001,N,Away
507,2022-02-12 18:00:00,France,Ligue 2,AC Ajaccio,Guingamp,1.4309312,0.8373598,2022-02-07 17:42:17.412909,2.268291,0.5935714000000001,N,Home
508,2022-02-12 18:00:00,France,Ligue 2,Amiens,Niort,1.5325514,0.9820624,2022-02-07 17:42:17.412909,2.5146138000000002,0.550489,N,Home
509,2022-02-12 18:00:00,France,Ligue 2,Auxerre,Nancy,1.7631682,1.0057446,2022-02-07 17:42:17.412909,2.7689128,0.7574235999999999,N,Home
510,2022-02-12 18:00:00,France,Ligue 2,Caen,Nimes,1.2367599,1.0550377,2022-02-07 17:42:17.412909,2.2917975999999998,0.18172220000000006,N,Home
511,2022-02-12 18:00:00,France,Ligue 2,Dijon,Pau FC,1.4359185,1.059438,2022-02-07 17:42:17.412909,2.4953565,0.3764805,N,Home
512,2022-02-12 18:00:00,France,Ligue 2,Dunkerque,Rodez,1.1342812,1.252775,2022-02-07 17:42:17.412909,2.3870562,0.11849379999999998,N,Away
513,2022-02-12 18:00:00,France,Ligue 2,Grenoble,Sochaux,1.0585393,1.078554,2022-02-07 17:42:17.412909,2.1370933,0.02001469999999994,N,Away
514,2022-02-12 18:00:00,France,Ligue 2,Paris FC,Quevilly Rouen,1.8338462,0.88527155,2022-02-07 17:42:17.412909,2.71911775,0.94857465,N,Home
515,2022-02-12 18:00:00,France,National,Cholet,Laval,1.1798573,1.4869295,2022-02-07 17:42:17.412909,2.6667868,0.3070721999999999,N,Away
516,2022-02-12 18:00:00,France,National,Creteil,Sete,1.2160121,1.2518924,2022-02-07 17:42:17.412909,2.4679045,0.03588030000000009,N,Away
517,2022-02-12 18:00:00,Portugal,Liga Portugal,Benfica,Santa Clara,2.3418524,0.7274708,2022-02-07 17:42:17.412909,3.0693232,1.6143816000000002,DNB,Home
518,2022-02-12 18:00:00,Portugal,Liga Portugal,Portimonense,Boavista,1.2805166,0.93558574,2022-02-07 17:42:17.412909,2.21610234,0.34493085999999984,U 4.5,Home
519,2022-02-12 19:00:00,Colombia,Primera A,Cortulua,Patriotas,1.1139383,1.1028854,2022-02-07 17:42:17.412909,2.2168237,0.011052900000000143,N,Home
520,2022-02-12 19:00:00,Netherlands,Eredivisie,Vitesse,PSV,1.1418828,1.8216656,2022-02-07 17:42:17.412909,2.9635484,0.6797827999999999,N,Away
521,2022-02-12 19:00:00,Poland,Ekstraklasa,Lech Poznan,Termalica B-B.,2.368899,0.6028258,2022-02-07 17:42:17.412909,2.9717247999999996,1.7660732,W,Home
522,2022-02-12 19:30:00,Germany,2. Bundesliga,Regensburg,St. Pauli,1.36913,1.3471447,2022-02-07 17:42:17.412909,2.7162747,0.021985299999999874,N,Home
523,2022-02-12 19:30:00,Spain,LaLiga2,Malaga,Almeria,1.0872222,1.2891139,2022-02-07 17:42:17.412909,2.3763361,0.2018917,N,Away
524,2022-02-12 19:30:00,Switzerland,Super League,St. Gallen,Servette,1.4239061,1.5308676,2022-02-07 17:42:17.412909,2.9547737,0.10696150000000015,N,Away
525,2022-02-12 19:45:00,Belgium,Jupiler Pro League,Waregem,Anderlecht,0.9250144,1.8792424,2022-02-07 17:42:17.412909,2.8042568,0.9542280000000001,N,Away
526,2022-02-12 19:45:00,Italy,Serie A,Torino,Venezia,1.8590178,0.85842127,2022-02-07 17:42:17.412909,2.71743907,1.00059653,N,Home
527,2022-02-12 20:00:00,France,Ligue 1,Lyon,Nice,1.8067732,1.1384505,2022-02-07 17:42:17.412909,2.9452237,0.6683227,N,Home
528,2022-02-12 20:00:00,Spain,LaLiga,Atl. Madrid,Getafe,1.8555712,0.5548929,2022-02-07 17:42:17.412909,2.4104641,1.3006783,N,Home
529,2022-02-12 20:30:00,Portugal,Liga Portugal,Estoril,Tondela,1.508407,1.164687,2022-02-07 17:42:17.412909,2.673094,0.34372,N,Home
530,2022-02-12 21:00:00,Chile,Primera Division,Huachipato,A. Italiano,1.5723633,1.4135088,2022-02-07 17:42:17.412909,2.9858721,0.1588544999999999,N,Home
531,2022-02-12 21:05:00,Colombia,Primera A,La Equidad,Ind. Medellin,1.267082,0.8674653,2022-02-07 17:42:17.412909,2.1345473,0.39961670000000005,N,Home
532,2022-02-12 23:00:00,Mexico,Liga MX,Atl. San Luis,Toluca,1.1600959,1.1827254,2022-02-07 17:42:17.412909,2.3428212999999998,0.02262950000000008,N,Away
533,2022-02-12 23:00:00,Mexico,Liga MX,Guadalajara Chivas,U.A.N.L.- Tigres,1.1286541,1.0420644,2022-02-07 17:42:17.412909,2.1707185,0.08658970000000021,N,Home
534,2022-02-12 23:10:00,Colombia,Primera A,Once Caldas,Junior,1.22578,1.2585806,2022-02-07 17:42:17.412909,2.4843606,0.03280059999999985,N,Away
535,2022-02-12 23:30:00,Chile,Primera Division,U. De Chile,Antofagasta,1.4091626,1.3174176,2022-02-07 17:42:17.412909,2.7265802,0.09174499999999997,N,Home
536,2022-02-13 01:00:00,Mexico,Liga MX,Cruz Azul,Necaxa,1.8918709,0.91356105,2022-02-07 17:42:17.412909,2.80543195,0.97830985,N,Home
537,2022-02-13 01:15:00,Colombia,Primera A,Aguilas,America De Cali,0.8826618,1.3651451,2022-02-07 17:42:17.412909,2.2478069,0.48248329999999984,N,Away
538,2022-02-13 03:00:00,Mexico,Liga MX,Santos Laguna,Club America,1.2388378,1.1882842,2022-02-07 17:42:17.412909,2.427122,0.050553599999999976,N,Home
539,2022-02-13 06:45:00,Australia,A-League,Central Coast Mariners,Perth Glory,1.4909971,1.2528478,2022-02-07 17:42:17.412909,2.7438449,0.2381492999999999,N,Home
540,2022-02-13 07:45:00,Australia,A-League,Brisbane Roar,Macarthur FC,1.5345495,1.3412503,2022-02-07 17:42:17.412909,2.8757998000000002,0.1932992,N,Home
541,2022-02-13 10:00:00,Spain,Primera Division Women,Valencia W,Alaves W,1.3537581,0.9744023,2022-02-07 17:42:17.412909,2.3281604000000002,0.3793558,N,Home
542,2022-02-13 10:30:00,Turkey,1. Lig,Umraniyespor,Erzurum BB,1.5554471,0.90721804,2022-02-07 17:42:17.412909,2.46266514,0.6482290600000001,N,Home
543,2022-02-13 10:30:00,Turkey,1. Lig,Manisa FK,Menemenspor,1.7731274,0.7863938,2022-02-07 17:42:17.412909,2.5595212,0.9867335999999999,N,Home
544,2022-02-13 10:30:00,Turkey,Super Lig,Sivasspor,Yeni Malatyaspor,1.4525166,0.88707995,2022-02-07 17:42:17.412909,2.33959655,0.5654366500000001,N,Home
545,2022-02-13 11:00:00,Portugal,Liga Portugal 2,Nacional,Penafiel,1.4557554,1.0129547,2022-02-07 17:42:17.412909,2.4687101,0.4428006999999998,N,Home
546,2022-02-13 11:15:00,Netherlands,Eerste Divisie,Breda,Den Bosch,2.069722,1.1108196,2022-02-07 17:42:17.412909,3.1805415999999997,0.9589024000000002,N,Home
547,2022-02-13 11:15:00,Netherlands,Eredivisie,Sparta Rotterdam,Willem II,1.6581488,1.1247369,2022-02-07 17:42:17.412909,2.7828857,0.5334118999999999,N,Home
548,2022-02-13 11:30:00,Italy,Serie A,AC Milan,Sampdoria,2.135012,0.8329092,2022-02-07 17:42:17.412909,2.9679212,1.3021028000000001,N,Home
549,2022-02-13 11:30:00,Poland,Ekstraklasa,Wisla Plock,Piast Gliwice,1.4449449,1.0365236,2022-02-07 17:42:17.412909,2.4814685,0.4084213000000001,N,Home
550,2022-02-13 12:00:00,England,League One,Sheffield Wed,Rotherham,1.1596375,1.2614273,2022-02-07 17:42:17.412909,2.4210648,0.10178979999999993,N,Away
551,2022-02-13 12:00:00,France,Ligue 1,Monaco,Lorient,2.1535392,0.75942695,2022-02-07 17:42:17.412909,2.91296615,1.39411225,N,Home
552,2022-02-13 12:00:00,Germany,3. Liga,Viktoria Berlin,Verl,1.6846575,1.2467173,2022-02-07 17:42:17.412909,2.9313748,0.4379401999999999,N,Home
553,2022-02-13 12:30:00,Belgium,Jupiler Pro League,Genk,St. Liege,1.6867445,1.2675533,2022-02-07 17:42:17.412909,2.9542978,0.4191912,N,Home
554,2022-02-13 12:30:00,Germany,2. Bundesliga,Dusseldorf,Schalke,1.2120367,1.2994092,2022-02-07 17:42:17.412909,2.5114459,0.08737249999999985,N,Away
555,2022-02-13 12:30:00,Germany,2. Bundesliga,Hannover,Darmstadt,1.2403611,1.5119741,2022-02-07 17:42:17.412909,2.7523352,0.2716129999999999,N,Away
556,2022-02-13 12:30:00,Germany,2. Bundesliga,Ingolstadt,Sandhausen,1.3716726,1.2713923,2022-02-07 17:42:17.412909,2.6430648999999997,0.10028029999999988,N,Home
557,2022-02-13 12:30:00,Romania,Liga 1,FC Arges,Mioveni,1.1603618,0.94044596,2022-02-07 17:42:17.412909,2.10080776,0.21991583999999997,N,Home
558,2022-02-13 12:30:00,Scotland,Scottish Cup,Arbroath,Hibernian,1.0211775,1.3853787,2022-02-07 17:42:17.412909,2.4065562,0.3642011999999999,N,Away
559,2022-02-13 13:00:00,England,Championship,Swansea,Bristol City,1.4493469,1.1754849,2022-02-07 17:42:17.412909,2.6248318,0.27386200000000005,N,Home
560,2022-02-13 13:00:00,Germany,3. Liga,Wehen,Saarbrucken,1.3759729,1.266519,2022-02-07 17:42:17.412909,2.6424919,0.1094539000000001,N,Home
561,2022-02-13 13:00:00,Greece,Super League,OFI Crete,Volos,1.4580046,0.9186162,2022-02-07 17:42:17.412909,2.3766208,0.5393884,N,Home
562,2022-02-13 13:00:00,Spain,LaLiga,Alaves,Valencia,1.1296077,1.2108018,2022-02-07 17:42:17.412909,2.3404095,0.08119410000000005,N,Away
563,2022-02-13 13:00:00,Spain,LaLiga2,Eibar,Fuenlabrada,1.8032075,0.87510145,2022-02-07 17:42:17.412909,2.67830895,0.9281060500000001,N,Home
564,2022-02-13 13:00:00,Turkey,Super Lig,Antalyaspor,Karagumruk,1.5215082,1.1991221,2022-02-07 17:42:17.412909,2.7206303,0.3223860999999999,N,Home
565,2022-02-13 13:15:00,Switzerland,Challenge League,Aarau,Thun,2.014091,1.2692704,2022-02-07 17:42:17.412909,3.2833614,0.7448206000000002,N,Home
566,2022-02-13 13:15:00,Switzerland,Super League,Young Boys,Basel,2.0249574,1.1683366,2022-02-07 17:42:17.412909,3.193294,0.8566208,N,Home
567,2022-02-13 13:30:00,Austria,Bundesliga,Hartberg,Admira,1.4112759,1.3242513,2022-02-07 17:42:17.412909,2.7355272,0.0870245999999999,N,Home
568,2022-02-13 13:30:00,Italy,Serie D - Group B,Caravaggio,USD Casatese,1.4271449,1.4852576,2022-02-07 17:42:17.412909,2.9124025,0.058112699999999906,N,Away
569,2022-02-13 13:30:00,Netherlands,Eerste Divisie,Venlo,Roda,1.5016735,1.4129069,2022-02-07 17:42:17.412909,2.9145804,0.08876660000000003,N,Home
570,2022-02-13 13:30:00,Netherlands,Eredivisie,Waalwijk,Feyenoord,0.7889942,2.4026926,2022-02-07 17:42:17.412909,3.1916868,1.6136984,N,Away
571,2022-02-13 13:30:00,Netherlands,Eredivisie,Heerenveen,Nijmegen,1.7030312,1.3977408,2022-02-07 17:42:17.412909,3.100772,0.3052904000000001,N,Home
572,2022-02-13 14:00:00,Croatia,1. HNL,Hajduk Split,Slaven Belupo,2.0129647,0.5887922,2022-02-07 17:42:17.412909,2.6017569,1.4241725,N,Home
573,2022-02-13 14:00:00,Czech Republic,1. Liga,Sigma Olomouc,Mlada Boleslav,1.3417102,1.1616329,2022-02-07 17:42:17.412909,2.5033431000000004,0.1800773,N,Home
574,2022-02-13 14:00:00,Czech Republic,1. Liga,Slovacko,Slavia Prague,0.95775664,1.4431658,2022-02-07 17:42:17.412909,2.40092244,0.48540916,N,Away
575,2022-02-13 14:00:00,Czech Republic,1. Liga,Karvina,Jablonec,1.120671,1.3235793,2022-02-07 17:42:17.412909,2.4442503,0.20290830000000004,N,Away
576,2022-02-13 14:00:00,England,Premier League,Burnley,Liverpool,0.6876972,2.1632636,2022-02-07 17:42:17.412909,2.8509608,1.4755664,N,Away
577,2022-02-13 14:00:00,England,Premier League,Newcastle,Aston Villa,1.3261094,1.5130281,2022-02-07 17:42:17.412909,2.8391375,0.1869187000000001,N,Away
578,2022-02-13 14:00:00,England,Premier League,Tottenham,Wolves,2.226212,0.8593282,2022-02-07 17:42:17.412909,3.0855401999999996,1.3668837999999999,N,Home
579,2022-02-13 14:00:00,France,Ligue 1,Angers,Strasbourg,1.2519667,1.3802233,2022-02-07 17:42:17.412909,2.63219,0.12825659999999983,N,Away
580,2022-02-13 14:00:00,France,Ligue 1,Brest,Troyes,1.6067013,1.0361037,2022-02-07 17:42:17.412909,2.642805,0.5705976000000001,N,Home
581,2022-02-13 14:00:00,France,Ligue 1,Clermont,St Etienne,1.42016,1.0969332,2022-02-07 17:42:17.412909,2.5170932,0.32322680000000004,N,Home
582,2022-02-13 14:00:00,France,Ligue 1,Nantes,Reims,1.2449288,0.9781558,2022-02-07 17:42:17.412909,2.2230846,0.26677300000000004,N,Home
583,2022-02-13 14:00:00,Italy,Serie A,Empoli,Cagliari,1.8805622,1.1698679,2022-02-07 17:42:17.412909,3.0504301,0.7106942999999999,N,Home
584,2022-02-13 14:00:00,Italy,Serie A,Genoa,Salernitana,1.7328849,0.95331097,2022-02-07 17:42:17.412909,2.6861958699999997,0.77957393,N,Home
585,2022-02-13 14:00:00,Italy,Serie A,Verona,Udinese,1.6637725,1.1682419,2022-02-07 17:42:17.412909,2.8320144000000003,0.49553060000000015,N,Home
586,2022-02-13 14:00:00,Poland,Ekstraklasa,Pogon Szczecin,Zaglebie,1.7809689,0.7885331,2022-02-07 17:42:17.412909,2.569502,0.9924358,N,Home
587,2022-02-13 14:00:00,Portugal,Liga Portugal 2,Covilha,Benfica B,1.1872687,1.4327704,2022-02-07 17:42:17.412909,2.6200391,0.24550170000000016,N,Away
588,2022-02-13 14:30:00,Germany,Bundesliga,Union Berlin,Dortmund,1.2085352,1.839894,2022-02-07 17:42:17.412909,3.0484292,0.6313587999999999,N,Away
589,2022-02-13 14:30:00,Italy,Serie B,Ascoli,Como,1.4878719,1.1806272,2022-02-07 17:42:17.412909,2.6684991,0.30724470000000004,N,Home
590,2022-02-13 14:30:00,Italy,Serie B,Brescia,Alessandria,2.0587385,0.959244,2022-02-07 17:42:17.412909,3.0179825,1.0994945,DNB,Home
591,2022-02-13 14:30:00,Italy,Serie B,Lecce,Benevento,1.6714339,1.179608,2022-02-07 17:42:17.412909,2.8510419000000002,0.49182590000000004,N,Home
592,2022-02-13 15:00:00,Belgium,Jupiler Pro League,Royale Union SG,St. Truiden,1.8655392,1.0384482,2022-02-07 17:42:17.412909,2.9039874,0.827091,N,Home
593,2022-02-13 15:00:00,Romania,Liga 1,UTA Arad,Din. Bucuresti,1.538056,0.741894,2022-02-07 17:42:17.412909,2.2799500000000004,0.796162,N,Home
594,2022-02-13 15:00:00,Spain,LaLiga2,R. Oviedo,Huesca,1.2274095,1.0520889,2022-02-07 17:42:17.412909,2.2794984,0.17532060000000005,N,Home
595,2022-02-13 15:15:00,Greece,Super League,Panathinaikos,Lamia,1.8510087,0.5870101,2022-02-07 17:42:17.412909,2.4380188,1.2639985999999999,N,Home
596,2022-02-13 15:15:00,Greece,Super League,PAOK,Atromitos,2.0261676,0.5493712,2022-02-07 17:42:17.412909,2.5755388,1.4767964,N,Home
597,2022-02-13 15:15:00,Spain,LaLiga,Levante,Betis,1.1608274,1.6626649,2022-02-07 17:42:17.412909,2.8234923,0.5018374999999999,N,Away
598,2022-02-13 15:30:00,Portugal,Liga Portugal,Famalicao,Moreirense,1.4679776,1.0506821,2022-02-07 17:42:17.412909,2.5186596999999997,0.41729550000000004,N,Home
599,2022-02-13 15:30:00,Switzerland,Super League,Luzern,Sion,1.8283451,1.1464723,2022-02-07 17:42:17.412909,2.9748174,0.6818727999999998,N,Home
600,2022-02-13 15:30:00,Switzerland,Super League,Zurich,Lugano,1.8188224,1.0432872,2022-02-07 17:42:17.412909,2.8621096,0.7755352,N,Home
601,2022-02-13 15:45:00,Netherlands,Eredivisie,Ajax,Twente,3.0435605,0.84492815,2022-02-07 17:42:17.412909,3.8884886499999998,2.19863235,N,Home
602,2022-02-13 15:45:00,Netherlands,Eredivisie,G.A. Eagles,AZ Alkmaar,1.0863657,1.8897746,2022-02-07 17:42:17.412909,2.9761403,0.8034089,N,Away
603,2022-02-13 16:00:00,Austria,Bundesliga,LASK,A. Klagenfurt,2.003861,0.98197454,2022-02-07 17:42:17.412909,2.98583554,1.0218864600000002,N,Home
604,2022-02-13 16:00:00,Portugal,Liga Portugal 2,Varzim,Leixoes,1.0343034,1.2420462,2022-02-07 17:42:17.412909,2.2763496,0.20774280000000012,N,Away
605,2022-02-13 16:00:00,Scotland,Scottish Cup,Celtic,Raith,3.5081427,0.4563592,2022-02-07 17:42:17.412909,3.9645019,3.0517835,W & O 1.5,Home
606,2022-02-13 16:00:00,Turkey,1. Lig,Eyupspor,Bandirmaspor,1.4181306,0.9933472,2022-02-07 17:42:17.412909,2.4114778,0.42478340000000003,N,Home
607,2022-02-13 16:00:00,Turkey,Super Lig,Kasimpasa,Alanyaspor,1.3618568,1.3493421,2022-02-07 17:42:17.412909,2.7111989000000003,0.012514699999999879,N,Home
608,2022-02-13 16:00:00,Turkey,Super Lig,Trabzonspor,Konyaspor,1.4825846,0.9888015,2022-02-07 17:42:17.412909,2.4713861,0.49378310000000003,N,Home
609,2022-02-13 16:05:00,France,Ligue 1,Lens,Bordeaux,2.1595027,0.91803366,2022-02-07 17:42:17.412909,3.07753636,1.2414690400000001,N,Home
610,2022-02-13 16:30:00,Croatia,1. HNL,Osijek,Rijeka,1.5444772,1.0898262,2022-02-07 17:42:17.412909,2.6343034000000003,0.4546509999999999,N,Home
611,2022-02-13 16:30:00,England,Premier League,Leicester,West Ham,1.3419693,1.4720767,2022-02-07 17:42:17.412909,2.814046,0.13010739999999998,N,Away
612,2022-02-13 16:30:00,Germany,Bundesliga,Hoffenheim,Arminia Bielefeld,2.028778,0.92214805,2022-02-07 17:42:17.412909,2.95092605,1.1066299499999999,N,Home
613,2022-02-13 16:30:00,Poland,Ekstraklasa,Legia,Warta Poznan,1.8131083,0.9890044,2022-02-07 17:42:17.412909,2.8021127,0.8241038999999999,N,Home
614,2022-02-13 17:00:00,Czech Republic,1. Liga,Sparta Prague,Plzen,1.734507,0.8878313,2022-02-07 17:42:17.412909,2.6223383,0.8466757,N,Home
615,2022-02-13 17:00:00,Italy,Serie A,Sassuolo,AS Roma,1.3013818,1.7899791,2022-02-07 17:42:17.412909,3.0913608999999997,0.4885973000000001,N,Away
616,2022-02-13 17:15:00,Spain,LaLiga2,Alcorcon,Tenerife,0.8663321,1.2942705,2022-02-07 17:42:17.412909,2.1606026000000003,0.42793840000000005,N,Away
617,2022-02-13 17:15:00,Spain,LaLiga2,Lugo,Amorebieta,1.3345593,0.9865854,2022-02-07 17:42:17.412909,2.3211447,0.34797390000000006,N,Home
618,2022-02-13 17:30:00,Belgium,Jupiler Pro League,Club Brugge KV,Charleroi,1.6708397,1.1801535,2022-02-07 17:42:17.412909,2.8509932,0.49068619999999985,N,Home
619,2022-02-13 17:30:00,Greece,Super League,Olympiacos Piraeus,AEK Athens FC,1.6500499,1.0625824,2022-02-07 17:42:17.412909,2.7126323,0.5874675,N,Home
620,2022-02-13 17:30:00,Spain,LaLiga,Real Sociedad,Granada CF,1.8202928,0.7525063,2022-02-07 17:42:17.412909,2.5727991,1.0677865,N,Home
621,2022-02-13 17:55:00,Romania,Liga 1,FCSB,Chindia Targoviste,1.751832,0.70001596,2022-02-07 17:42:17.412909,2.4518479600000003,1.05181604,N,Home
622,2022-02-13 18:00:00,Mexico,Liga MX,U.N.A.M.- Pumas,Club Leon,1.0919081,1.213705,2022-02-07 17:42:17.412909,2.3056131,0.1217969000000001,N,Away
623,2022-02-13 18:00:00,Portugal,Liga Portugal,Belenenses,Vitoria Guimaraes,0.97303706,1.5440252,2022-02-07 17:42:17.412909,2.5170622600000003,0.5709881400000001,N,Away
624,2022-02-13 19:30:00,Portugal,Liga Portugal 2,SC Farense,Academico Viseu,1.43227,1.2948225,2022-02-07 17:42:17.412909,2.7270925,0.13744749999999994,N,Home
625,2022-02-13 19:45:00,France,Ligue 1,Metz,Marseille,0.8612513,1.8789617,2022-02-07 17:42:17.412909,2.7402130000000002,1.0177104,N,Away
626,2022-02-13 19:45:00,Italy,Serie A,Atalanta,Juventus,1.4778208,1.4358022,2022-02-07 17:42:17.412909,2.913623,0.04201860000000002,N,Home
627,2022-02-13 20:00:00,Belgium,Jupiler Pro League,Beerschot VA,Kortrijk,1.382112,1.4663504,2022-02-07 17:42:17.412909,2.8484624,0.08423840000000005,N,Away
628,2022-02-13 20:00:00,Spain,LaLiga,Espanyol,Barcelona,1.070635,1.8300917,2022-02-07 17:42:17.412909,2.9007267,0.7594567000000001,N,Away
629,2022-02-13 20:00:00,Spain,LaLiga2,Las Palmas,Burgos CF,1.4550731,0.973587,2022-02-07 17:42:17.412909,2.4286601,0.4814860999999999,N,Home
630,2022-02-13 20:30:00,Portugal,Liga Portugal,Vizela,Gil Vicente,1.2483109,1.3067622,2022-02-07 17:42:17.412909,2.5550731,0.058451300000000206,N,Away
631,2022-02-13 21:00:00,Chile,Primera Division,La Serena,Colo Colo,1.1292479,1.5073376,2022-02-07 17:42:17.412909,2.6365855,0.3780897000000001,N,Away
632,2022-02-13 21:00:00,Colombia,Primera A,Santa Fe,Pereira,1.6519544,0.8208908,2022-02-07 17:42:17.412909,2.4728452,0.8310635999999999,N,Home
633,2022-02-13 23:05:00,Colombia,Primera A,Dep. Cali,Millonarios,1.1722022,1.1762036,2022-02-07 17:42:17.412909,2.3484058,0.004001399999999933,N,Away
634,2022-02-13 23:30:00,Chile,Primera Division,U. Catolica,U. Espanola,1.9738415,1.0872188,2022-02-07 17:42:17.412909,3.0610603000000003,0.8866227,N,Home
